3,Derrell, Pandora,pderrell2@fema.gov,114.105.203.88
7,Coulthard, Robinett,rcoulthard6@zimbio.com,132.30.199.33
9,Bond, Nady,nbond8@hatena.ne.jp,73.4.182.13
15,Siberry, Agnesse,asiberrye@mozilla.org,19.190.25.59
21,Byk, Gladi,gbykk@forbes.com,235.118.171.106
23,O'Neal, Adelaide,aonealm@squarespace.com,101.79.173.62
27,Melton, Janet,jmeltonq@posterous.com,64.22.55.70
29,Arnison, Ranna,rarnisons@blogger.com,223.47.113.190
31,Vivians, Jerrilee,jviviansu@csmonitor.com,102.192.193.91
33,Zorzi, Erma,ezorziw@deliciousdays.com,108.9.174.216
35,Lockless, Legra,llocklessy@harvard.edu,213.203.255.66
43,Offa, Stacy,soffa16@ca.gov,236.89.129.16
47,Cowden, Tildy,tcowden1a@constantcontact.com,19.6.90.191
53,Gallard, Alla,agallard1g@zimbio.com,226.236.215.247
59,Hazael, Indira,ihazael1m@house.gov,47.228.171.73
67,Elam, Constanta,celam1u@shareasale.com,231.165.112.180
69,Kiddye, Carolann,ckiddye1w@apple.com,87.43.113.236
73,Bromidge, Roxanne,rbromidge20@fc2.com,156.107.173.183
79,Billingsley, Rodina,rbillingsley26@csmonitor.com,31.189.91.98
95,Hammett, Andriana,ahammett2m@jugem.jp,39.5.176.197
99,Pearlman, Ardeen,apearlman2q@dyndns.org,248.37.14.169
