id,first_name,last_name,email,gender,ip_address
2101,Marvin,Candie,mcandie0@blogs.com,Male,114.120.201.36
2102,Gert,Kettleson,gkettleson1@slashdot.org,Agender,144.194.187.213
2103,Warren,Marjoribanks,wmarjoribanks2@alexa.com,Bigender,14.215.123.28
2104,Rinaldo,McTerrelly,rmcterrelly3@tuttocitta.it,Male,5.132.203.3
2105,Silvester,Doughton,sdoughton4@elegantthemes.com,Male,30.183.46.205
2106,Henrieta,Pittel,hpittel5@independent.co.uk,Female,148.143.247.197
2107,Letitia,Maffeo,lmaffeo6@spotify.com,Female,213.25.18.215
2108,Quinn,Aldhouse,qaldhouse7@joomla.org,Female,234.1.6.86
2109,Gwenni,Kehri,gkehri8@businessweek.com,Female,217.201.196.113
2110,Delores,Giraudat,dgiraudat9@de.vu,Female,216.197.226.143
2111,Merrielle,Lashford,mlashforda@zdnet.com,Female,138.34.65.45
2112,Faber,Blackater,fblackaterb@soundcloud.com,Male,64.92.84.28
2113,Harald,Ocklin,hocklinc@mtv.com,Male,111.86.147.24
2114,Gardy,Sterricker,gsterrickerd@engadget.com,Male,248.154.224.255
2115,Laina,Haxell,lhaxelle@auda.org.au,Female,252.161.61.16
2116,Bell,Evershed,bevershedf@ow.ly,Female,31.54.193.176
2117,Darrick,Baselio,dbaseliog@shareasale.com,Male,151.162.4.232
2118,Winny,Sproul,wsproulh@tripod.com,Agender,155.57.185.236
2119,Elianora,Nibley,enibleyi@ycombinator.com,Female,12.133.36.88
2120,Ervin,Sandilands,esandilandsj@wiley.com,Male,236.174.201.225
2121,Donn,Fillis,dfillisk@google.com,Male,65.40.188.218
2122,Clari,Twiddle,ctwiddlel@merriam-webster.com,Female,239.190.98.200
2123,Brewster,Kienl,bkienlm@answers.com,Genderqueer,83.29.241.156
2124,Owen,Kubis,okubisn@scientificamerican.com,Male,253.116.81.37
2125,Gay,Berndtsson,gberndtssono@mashable.com,Male,178.141.194.197
2126,Zorine,Aickin,zaickinp@hibu.com,Female,233.52.66.236
2127,Curry,Blagden,cblagdenq@artisteer.com,Male,51.235.73.159
2128,Gamaliel,Halm,ghalmr@blogspot.com,Male,42.76.27.18
2129,Leoline,Hartburn,lhartburns@jigsy.com,Female,145.90.109.244
2130,Osmond,Bolles,obollest@weibo.com,Male,254.86.49.139
2131,Brandea,Isley,bisleyu@bluehost.com,Female,235.171.162.208
2132,Dorena,Sidon,dsidonv@ow.ly,Female,64.147.17.174
2133,Wright,Skurray,wskurrayw@washington.edu,Male,39.187.169.92
2134,Marya,Gillam,mgillamx@zimbio.com,Female,14.63.28.18
2135,Stephi,Godthaab,sgodthaaby@bigcartel.com,Female,166.200.40.189
2136,Almire,Wilkenson,awilkensonz@arstechnica.com,Female,80.119.98.156
2137,Rubina,Jest,rjest10@seesaa.net,Agender,207.191.28.148
2138,Neill,Dearnley,ndearnley11@photobucket.com,Male,240.175.194.44
2139,Trixy,Poltone,tpoltone12@51.la,Female,177.83.121.243
2140,Selma,Crilley,scrilley13@fastcompany.com,Female,239.93.129.215
2141,Virgilio,Dulake,vdulake14@gmpg.org,Male,16.8.138.94
2142,Jacquelynn,Brea,jbrea15@upenn.edu,Female,110.139.63.33
2143,Devonna,Chettle,dchettle16@gravatar.com,Female,172.106.202.25
2144,Darleen,Livick,dlivick17@omniture.com,Female,86.143.166.132
2145,Tabatha,Volante,tvolante18@discuz.net,Female,5.204.222.16
2146,Joane,Surgey,jsurgey19@smh.com.au,Female,21.220.66.253
2147,Lemar,Pocke,lpocke1a@blogtalkradio.com,Male,240.191.152.91
2148,Monro,Wandrich,mwandrich1b@tamu.edu,Male,74.141.207.231
2149,Chane,Took,ctook1c@creativecommons.org,Male,35.253.230.169
2150,Aile,Chaperlin,achaperlin1d@lulu.com,Genderfluid,253.185.78.127
2151,Joy,Rusted,jrusted1e@nba.com,Female,95.92.246.178
2152,Gerald,Pepi,gpepi1f@people.com.cn,Male,70.51.126.45
2153,Brittni,Furnival,bfurnival1g@indiatimes.com,Female,41.172.146.141
2154,Kandy,Vaughn,kvaughn1h@scientificamerican.com,Female,241.205.114.183
2155,Ursuline,Smorthit,usmorthit1i@npr.org,Female,209.97.250.190
2156,Estevan,Robens,erobens1j@boston.com,Male,36.173.148.206
2157,Sallee,Grasser,sgrasser1k@scientificamerican.com,Genderfluid,144.255.84.241
2158,Stillman,Blenkinship,sblenkinship1l@domainmarket.com,Male,106.204.203.245
2159,Maressa,Margarson,mmargarson1m@quantcast.com,Polygender,253.6.200.192
2160,Jaquenetta,Loving,jloving1n@alexa.com,Female,116.124.41.58
2161,Rosetta,Suthworth,rsuthworth1o@sciencedaily.com,Female,3.241.158.152
2162,Ceil,Oxby,coxby1p@studiopress.com,Female,27.86.27.217
2163,Christabel,Hardwich,chardwich1q@barnesandnoble.com,Agender,69.117.247.126
2164,Esther,Rosson,erosson1r@pinterest.com,Female,137.117.218.162
2165,Enrika,Emmer,eemmer1s@patch.com,Female,197.244.153.85
2166,Greg,Yielding,gyielding1t@ted.com,Male,4.70.101.143
2167,Carolus,Baskerville,cbaskerville1u@nytimes.com,Male,120.213.232.118
2168,Marthena,Merredy,mmerredy1v@bing.com,Female,13.51.114.107
2169,Stewart,Stonhouse,sstonhouse1w@addthis.com,Male,73.229.113.158
2170,Nicolina,Wedgbrow,nwedgbrow1x@taobao.com,Genderfluid,3.211.49.143
2171,Aveline,Drain,adrain1y@wsj.com,Female,120.204.38.242
2172,Xena,Ditch,xditch1z@facebook.com,Female,176.47.105.64
2173,Gaspar,Wanne,gwanne20@mac.com,Male,75.174.217.104
2174,Wes,McCrae,wmccrae21@weibo.com,Male,177.197.255.131
2175,Kory,Dilon,kdilon22@ebay.com,Male,115.174.190.187
2176,Evania,Mainwaring,emainwaring23@unicef.org,Female,66.214.168.221
2177,Meris,Rouzet,mrouzet24@pcworld.com,Female,168.163.1.117
2178,Belia,Monkman,bmonkman25@exblog.jp,Female,84.56.14.21
2179,Paddy,Rue,prue26@tmall.com,Male,214.43.67.189
2180,Renata,Fort,rfort27@scribd.com,Female,203.184.75.103
2181,Ly,Cotter,lcotter28@cpanel.net,Male,167.64.115.229
2182,Roselia,Weben,rweben29@github.io,Female,59.90.242.124
2183,Garry,Arnaudet,garnaudet2a@sciencedirect.com,Male,46.86.129.178
2184,Gwendolen,Yetts,gyetts2b@google.fr,Genderfluid,218.183.141.62
2185,Flory,Housiaux,fhousiaux2c@booking.com,Male,50.17.140.92
2186,Charmaine,Eacle,ceacle2d@google.cn,Female,46.127.230.48
2187,Carey,Hoggin,choggin2e@aboutads.info,Female,130.9.145.180
2188,Sascha,Gettens,sgettens2f@springer.com,Agender,26.128.99.75
2189,Laura,Phinnis,lphinnis2g@webnode.com,Female,11.61.12.254
2190,Collette,Benois,cbenois2h@artisteer.com,Female,95.26.67.30
2191,Rurik,Herrero,rherrero2i@independent.co.uk,Male,238.54.176.39
2192,Codie,Gorham,cgorham2j@amazon.com,Male,0.46.245.204
2193,Igor,Gronav,igronav2k@usnews.com,Male,62.221.67.229
2194,Winston,Starkings,wstarkings2l@examiner.com,Male,75.207.151.250
2195,Clarence,Carleton,ccarleton2m@dailymail.co.uk,Genderfluid,9.96.220.32
2196,Burr,Heart,bheart2n@cbc.ca,Male,25.215.66.63
2197,Dyanne,Peyton,dpeyton2o@cam.ac.uk,Female,181.106.155.57
2198,Cilka,Terrey,cterrey2p@flavors.me,Female,76.19.43.227
2199,Chaim,Sayes,csayes2q@privacy.gov.au,Male,225.92.17.4
2200,Torrance,Lightollers,tlightollers2r@umich.edu,Male,142.101.186.224
2201,Homere,Ebertz,hebertz2s@360.cn,Male,201.182.63.4
2202,Lammond,Mallabund,lmallabund2t@vkontakte.ru,Male,190.179.123.151
2203,Deeann,Bonnick,dbonnick2u@histats.com,Female,89.89.178.110
2204,Rube,Nordass,rnordass2v@imgur.com,Male,125.144.159.64
2205,Waldo,Pevie,wpevie2w@umn.edu,Male,50.225.61.93
2206,Demott,Wharf,dwharf2x@dagondesign.com,Non-binary,175.212.182.75
2207,Constantino,Wanell,cwanell2y@nsw.gov.au,Male,152.45.141.212
2208,Anne,Clericoates,aclericoates2z@bigcartel.com,Female,142.50.90.192
2209,Clim,Garrigan,cgarrigan30@odnoklassniki.ru,Male,192.98.42.59
2210,Stevena,Eagle,seagle31@networkadvertising.org,Female,165.147.88.254
2211,Felizio,Cirlos,fcirlos32@t-online.de,Male,169.19.35.125
2212,Isabella,Entreis,ientreis33@amazon.com,Female,240.101.43.58
2213,Alex,Pye,apye34@meetup.com,Male,234.216.230.48
2214,Daveta,Cosley,dcosley35@homestead.com,Female,35.254.51.15
2215,Gussy,Griswood,ggriswood36@sohu.com,Female,37.179.65.203
2216,Rowland,Abbyss,rabbyss37@kickstarter.com,Male,168.243.196.76
2217,Ede,Retallick,eretallick38@naver.com,Female,74.66.158.120
2218,Diahann,Robrow,drobrow39@privacy.gov.au,Bigender,55.51.135.196
2219,Ardis,Brockett,abrockett3a@hp.com,Female,253.53.23.244
2220,Elka,Daugherty,edaugherty3b@cloudflare.com,Female,81.149.211.1
2221,Ermina,Geillier,egeillier3c@php.net,Female,17.100.216.76
2222,Ludvig,Roggeman,lroggeman3d@cam.ac.uk,Agender,230.34.15.124
2223,Saraann,Thame,sthame3e@delicious.com,Female,84.36.115.182
2224,Davy,Boulsher,dboulsher3f@freewebs.com,Male,214.180.237.79
2225,Theressa,Chantree,tchantree3g@fda.gov,Female,228.40.231.13
2226,Hedwig,Jerosch,hjerosch3h@slate.com,Female,109.162.223.59
2227,Gabriello,Napleton,gnapleton3i@latimes.com,Male,61.139.57.40
2228,Aleen,Bassilashvili,abassilashvili3j@sciencedaily.com,Female,42.244.23.201
2229,Zahara,Deniske,zdeniske3k@github.io,Genderqueer,175.215.254.179
2230,Dorie,Chantrell,dchantrell3l@moonfruit.com,Male,47.45.139.108
2231,Julita,Charlon,jcharlon3m@census.gov,Female,63.200.169.61
2232,Carine,le Keux,clekeux3n@cmu.edu,Female,190.226.112.232
2233,Bobinette,Gonnet,bgonnet3o@linkedin.com,Female,233.232.247.123
2234,Galvan,Houselee,ghouselee3p@wufoo.com,Male,15.97.235.152
2235,Harriet,Arnoldi,harnoldi3q@techcrunch.com,Female,11.23.20.2
2236,Regine,Smoth,rsmoth3r@umich.edu,Female,100.190.223.67
2237,Modestine,Brugmann,mbrugmann3s@reddit.com,Female,18.168.87.72
2238,Chaddie,Held,cheld3t@twitter.com,Male,141.121.198.218
2239,Kesley,Goade,kgoade3u@statcounter.com,Female,195.132.188.166
2240,Frants,Wheatman,fwheatman3v@4shared.com,Male,238.58.81.207
2241,Ken,Rearden,krearden3w@naver.com,Male,32.232.160.79
2242,Hurleigh,Scobbie,hscobbie3x@alexa.com,Male,139.180.89.34
2243,Leia,Yarrall,lyarrall3y@hubpages.com,Female,231.83.183.243
2244,Aldon,Dowthwaite,adowthwaite3z@cisco.com,Male,214.185.153.202
2245,Ashbey,Butler,abutler40@zimbio.com,Male,252.218.209.11
2246,Chery,Callington,ccallington41@dedecms.com,Female,222.15.30.181
2247,Cathyleen,Glanvill,cglanvill42@redcross.org,Female,186.193.42.208
2248,Levon,Riggott,lriggott43@google.de,Male,205.163.185.181
2249,Gaelan,Hoggetts,ghoggetts44@bluehost.com,Agender,106.22.21.131
2250,Marcelline,Cotesford,mcotesford45@123-reg.co.uk,Bigender,184.133.241.248
2251,Averyl,Shorto,ashorto46@hhs.gov,Female,147.83.80.68
2252,Bee,Masding,bmasding47@clickbank.net,Female,5.130.223.129
2253,Dorine,MacAvddy,dmacavddy48@ehow.com,Female,245.205.95.118
2254,Early,Gaule,egaule49@answers.com,Male,181.151.55.14
2255,Iggy,Blannin,iblannin4a@xing.com,Male,55.129.188.205
2256,Vasili,Pauletto,vpauletto4b@vkontakte.ru,Male,240.1.114.174
2257,Sylas,Taggart,staggart4c@nyu.edu,Non-binary,76.86.139.213
2258,Harald,Janisson,hjanisson4d@earthlink.net,Male,21.36.36.156
2259,Faina,Stayt,fstayt4e@ucla.edu,Bigender,94.255.215.29
2260,Kristos,Sperski,ksperski4f@youku.com,Male,254.126.109.137
2261,Rollo,Hatfield,rhatfield4g@unblog.fr,Male,47.29.38.225
2262,Noby,McGlashan,nmcglashan4h@ebay.co.uk,Male,60.151.167.171
2263,Francis,Dobing,fdobing4i@wikispaces.com,Male,126.44.188.80
2264,Arin,Dunnan,adunnan4j@sakura.ne.jp,Male,234.243.246.69
2265,Micah,Girodias,mgirodias4k@patch.com,Male,23.16.76.43
2266,Marv,Draper,mdraper4l@fotki.com,Male,117.84.105.94
2267,Lorens,Loakes,lloakes4m@cnet.com,Male,64.185.101.58
2268,Angele,Tieraney,atieraney4n@wp.com,Genderfluid,141.3.201.151
2269,Borden,Loftus,bloftus4o@is.gd,Non-binary,53.189.138.53
2270,Marmaduke,Blazy,mblazy4p@ifeng.com,Non-binary,1.167.215.149
2271,Ivonne,Dowsing,idowsing4q@amazon.co.uk,Bigender,146.46.255.163
2272,Nessy,Hallsworth,nhallsworth4r@noaa.gov,Female,2.135.235.230
2273,Mano,Renshaw,mrenshaw4s@independent.co.uk,Male,12.252.201.113
2274,Selene,Guilleton,sguilleton4t@cloudflare.com,Agender,167.119.2.202
2275,Lotti,Geharke,lgeharke4u@guardian.co.uk,Female,61.10.174.123
2276,Legra,Dickenson,ldickenson4v@ebay.com,Female,19.211.125.157
2277,Gilemette,Balogun,gbalogun4w@rambler.ru,Female,32.188.205.229
2278,Anders,Paumier,apaumier4x@webeden.co.uk,Male,188.19.236.108
2279,Jean,Basterfield,jbasterfield4y@hexun.com,Female,235.68.120.95
2280,Celestina,Peterson,cpeterson4z@prlog.org,Female,237.57.163.174
2281,Ericha,Gravey,egravey50@nhs.uk,Female,80.228.222.188
2282,Lila,Pakenham,lpakenham51@nytimes.com,Female,128.116.84.0
2283,Philis,Briskey,pbriskey52@forbes.com,Female,175.186.14.107
2284,Rozalin,Betts,rbetts53@yolasite.com,Female,136.123.25.94
2285,Juliana,Howton,jhowton54@addthis.com,Female,68.185.164.77
2286,Rutger,Orbon,rorbon55@jiathis.com,Male,46.124.141.179
2287,Yard,Gino,ygino56@ehow.com,Male,210.123.78.49
2288,Vasili,Rosenkrantz,vrosenkrantz57@elpais.com,Genderqueer,67.133.145.198
2289,Raleigh,Novichenko,rnovichenko58@sun.com,Male,203.119.100.97
2290,Sven,Peare,speare59@altervista.org,Polygender,94.157.98.66
2291,Julius,Muscroft,jmuscroft5a@studiopress.com,Male,139.122.180.72
2292,Gabbie,Stovell,gstovell5b@skyrock.com,Male,77.137.212.125
2293,Conrade,Carley,ccarley5c@so-net.ne.jp,Male,1.0.25.108
2294,Mady,Boldison,mboldison5d@discovery.com,Female,110.218.19.235
2295,Emelia,Matas,ematas5e@slate.com,Female,120.183.65.89
2296,Trina,Dearan,tdearan5f@redcross.org,Female,49.247.254.105
2297,Jessee,Ollerhead,jollerhead5g@gmpg.org,Male,114.224.38.187
2298,Orland,Huson,ohuson5h@economist.com,Male,254.91.222.83
2299,Tybi,Broad,tbroad5i@typepad.com,Female,9.186.10.10
2300,Chrystel,Crop,ccrop5j@dyndns.org,Female,179.113.246.202
2301,Teodorico,Allchorne,tallchorne5k@plala.or.jp,Male,0.231.135.20
2302,Reynold,Feaks,rfeaks5l@weather.com,Male,234.130.155.7
2303,Carolyne,Self,cself5m@taobao.com,Female,125.195.28.235
2304,Timothea,Jacobi,tjacobi5n@imdb.com,Female,4.16.243.245
2305,Alessandra,Joddens,ajoddens5o@netvibes.com,Female,168.209.145.225
2306,Wade,Yoslowitz,wyoslowitz5p@imdb.com,Male,164.165.124.56
2307,Zacherie,Le Cornu,zlecornu5q@npr.org,Male,103.40.41.145
2308,Nathanil,Odeson,nodeson5r@comsenz.com,Male,3.6.62.70
2309,Redford,Duffill,rduffill5s@cbsnews.com,Male,34.192.14.74
2310,Traver,Arnaez,tarnaez5t@wikispaces.com,Polygender,47.101.186.5
2311,Licha,Chaunce,lchaunce5u@paypal.com,Female,35.39.236.48
2312,Gherardo,Kilcoyne,gkilcoyne5v@squidoo.com,Male,114.168.67.218
2313,Bord,Harradence,bharradence5w@delicious.com,Male,126.78.193.1
2314,Gaby,Lescop,glescop5x@pagesperso-orange.fr,Male,131.83.9.91
2315,Othello,Rosier,orosier5y@pen.io,Male,91.249.118.4
2316,Rab,Fidilis,rfidilis5z@e-recht24.de,Male,116.80.176.6
2317,Charita,Gumbley,cgumbley60@studiopress.com,Female,113.50.219.156
2318,Lydie,Labarre,llabarre61@dailymotion.com,Female,96.198.167.11
2319,Cletis,Foakes,cfoakes62@dyndns.org,Male,98.51.231.184
2320,Hammad,Ricold,hricold63@ebay.co.uk,Male,250.140.156.92
2321,Sybille,Huntingford,shuntingford64@usnews.com,Female,139.189.135.250
2322,Karalynn,Lumly,klumly65@discuz.net,Female,85.237.143.251
2323,Cherey,Noonan,cnoonan66@jigsy.com,Female,154.197.160.30
2324,Nevins,Yewdall,nyewdall67@edublogs.org,Male,222.53.210.138
2325,Armstrong,Shayler,ashayler68@wunderground.com,Male,246.217.141.168
2326,Shaun,Kenton,skenton69@xrea.com,Polygender,194.107.185.81
2327,Madlen,Scallan,mscallan6a@goodreads.com,Female,58.94.196.70
2328,Dyanna,Wilkin,dwilkin6b@vinaora.com,Female,91.193.142.82
2329,Osborne,Gyer,ogyer6c@biglobe.ne.jp,Genderqueer,59.172.25.32
2330,Nana,Flewett,nflewett6d@noaa.gov,Female,176.182.152.26
2331,Whit,Pettie,wpettie6e@webnode.com,Male,29.79.213.193
2332,Federica,Bosson,fbosson6f@phoca.cz,Female,39.223.7.156
2333,Tracie,Borgne,tborgne6g@pinterest.com,Male,91.215.59.227
2334,Brew,Lorey,blorey6h@unc.edu,Male,6.120.190.179
2335,Matthus,Faucett,mfaucett6i@mit.edu,Male,243.147.218.138
2336,Marnie,Serfati,mserfati6j@weibo.com,Female,40.199.210.99
2337,Benedikt,Wollard,bwollard6k@baidu.com,Male,40.165.55.134
2338,Shepherd,Bonifazio,sbonifazio6l@mayoclinic.com,Male,48.42.34.178
2339,Corny,Goom,cgoom6m@hibu.com,Agender,234.84.224.249
2340,Rourke,Digman,rdigman6n@wikipedia.org,Male,230.111.96.17
2341,Fergus,Danaher,fdanaher6o@netscape.com,Male,69.237.183.116
2342,Kelby,Kilmartin,kkilmartin6p@constantcontact.com,Male,230.16.118.145
2343,Nydia,McKall,nmckall6q@csmonitor.com,Female,244.253.38.109
2344,Cristine,Blaxlande,cblaxlande6r@columbia.edu,Female,198.144.246.63
2345,Sylvia,Bolderoe,sbolderoe6s@java.com,Female,122.45.48.20
2346,Aurore,Orpen,aorpen6t@wix.com,Female,173.201.219.17
2347,Evangelia,Sprigg,esprigg6u@stumbleupon.com,Polygender,122.170.129.76
2348,Lorie,Benedek,lbenedek6v@foxnews.com,Female,180.201.88.68
2349,Hamnet,Enever,henever6w@macromedia.com,Male,151.152.142.39
2350,Nicolina,Colley,ncolley6x@utexas.edu,Female,25.148.28.204
2351,Rea,Sprasen,rsprasen6y@t.co,Female,112.26.126.22
2352,Myer,Keighly,mkeighly6z@dyndns.org,Male,21.164.119.173
2353,Vevay,Merrigan,vmerrigan70@tinyurl.com,Female,32.227.179.8
2354,Allie,Girke,agirke71@feedburner.com,Male,33.42.211.99
2355,Bertine,Ackerman,backerman72@youtu.be,Female,126.207.107.8
2356,Faina,Andrzejowski,fandrzejowski73@forbes.com,Female,93.27.70.165
2357,Darby,Glaisner,dglaisner74@163.com,Male,24.4.167.56
2358,Vasili,Riccioppo,vriccioppo75@amazon.de,Male,49.149.141.105
2359,Gretchen,Barthorpe,gbarthorpe76@php.net,Female,106.71.7.144
2360,Lyell,d'Escoffier,ldescoffier77@icq.com,Male,68.187.231.87
2361,Melany,Whybrow,mwhybrow78@wufoo.com,Female,107.111.143.3
2362,Corinna,Curryer,ccurryer79@yelp.com,Female,165.73.154.184
2363,Kalle,Deeble,kdeeble7a@columbia.edu,Male,176.188.153.214
2364,Gilburt,McCoveney,gmccoveney7b@cnbc.com,Male,208.114.66.142
2365,Wash,Blenkinsop,wblenkinsop7c@acquirethisname.com,Male,130.216.3.161
2366,Erica,Pears,epears7d@un.org,Female,237.236.209.14
2367,Gusti,Bompas,gbompas7e@imageshack.us,Female,131.69.89.70
2368,Gweneth,Petyakov,gpetyakov7f@china.com.cn,Female,221.112.34.174
2369,Sharon,Flecknoe,sflecknoe7g@techcrunch.com,Female,227.203.75.205
2370,Germana,Stubs,gstubs7h@disqus.com,Female,205.145.8.12
2371,Godiva,Winckle,gwinckle7i@free.fr,Female,16.16.57.129
2372,Angy,Lehr,alehr7j@opera.com,Female,63.152.234.229
2373,Rena,Counter,rcounter7k@time.com,Female,154.111.250.185
2374,Sonja,Sprules,ssprules7l@webnode.com,Genderqueer,78.11.123.106
2375,Dniren,Chetwynd,dchetwynd7m@opensource.org,Genderfluid,111.245.52.37
2376,Tilda,Barrs,tbarrs7n@arstechnica.com,Female,202.247.113.78
2377,Darrick,Haggar,dhaggar7o@toplist.cz,Non-binary,152.4.98.217
2378,Rene,Ropking,rropking7p@histats.com,Male,99.238.235.149
2379,Caryl,Izaks,cizaks7q@tuttocitta.it,Female,44.121.179.17
2380,Quillan,Davidovici,qdavidovici7r@myspace.com,Male,86.221.56.6
2381,Gustaf,Hawtry,ghawtry7s@soup.io,Male,12.163.56.68
2382,Roselin,Vogeller,rvogeller7t@sphinn.com,Female,102.67.230.141
2383,Betti,Petrashov,bpetrashov7u@stumbleupon.com,Female,40.224.210.99
2384,Liesa,Gellan,lgellan7v@omniture.com,Female,207.181.177.187
2385,Arlen,Joye,ajoye7w@columbia.edu,Female,201.226.116.66
2386,Ranique,Tummons,rtummons7x@thetimes.co.uk,Female,88.182.167.121
2387,Elfie,Gaspard,egaspard7y@latimes.com,Female,202.79.172.184
2388,Lonny,Westoff,lwestoff7z@clickbank.net,Male,255.22.234.138
2389,Alwyn,Zecchi,azecchi80@reddit.com,Male,205.17.31.169
2390,Homere,Legge,hlegge81@wisc.edu,Male,135.225.33.233
2391,Verena,Beddo,vbeddo82@prweb.com,Female,192.83.173.230
2392,Petronia,Wale,pwale83@shareasale.com,Female,128.119.96.141
2393,Scarlet,Paulig,spaulig84@pinterest.com,Female,230.100.1.87
2394,Anallese,Janic,ajanic85@wikispaces.com,Female,15.119.93.219
2395,Bret,Stilly,bstilly86@odnoklassniki.ru,Male,4.204.93.195
2396,Albert,Breacher,abreacher87@latimes.com,Male,236.153.161.254
2397,Devora,Parlor,dparlor88@ycombinator.com,Female,19.103.13.73
2398,Aindrea,Turnor,aturnor89@craigslist.org,Female,136.8.216.6
2399,Cedric,Thomsson,cthomsson8a@blogspot.com,Male,245.166.78.37
2400,Welbie,Goldstein,wgoldstein8b@wufoo.com,Male,65.151.21.236
2401,Stanislaw,Stannus,sstannus8c@pinterest.com,Male,108.132.181.248
2402,Vaclav,O'Hoey,vohoey8d@smugmug.com,Male,149.212.119.26
2403,Nina,D'Hooge,ndhooge8e@soundcloud.com,Female,81.94.128.180
2404,Vassily,Ammer,vammer8f@odnoklassniki.ru,Male,113.104.60.7
2405,Imojean,Moar,imoar8g@sakura.ne.jp,Female,252.134.29.58
2406,Sapphira,Rudgley,srudgley8h@usda.gov,Female,61.13.249.115
2407,Garnette,McRorie,gmcrorie8i@narod.ru,Female,84.50.215.199
2408,Sid,Bucky,sbucky8j@cnet.com,Genderfluid,138.97.49.34
2409,Christophe,Mazonowicz,cmazonowicz8k@craigslist.org,Male,74.203.217.221
2410,Wendell,McKeggie,wmckeggie8l@wisc.edu,Male,61.83.63.113
2411,Hadley,Robjohns,hrobjohns8m@google.ca,Polygender,248.108.54.238
2412,Amelina,Chessell,achessell8n@google.es,Female,229.255.150.56
2413,Adeline,Charlson,acharlson8o@thetimes.co.uk,Female,35.93.232.175
2414,Curtis,MacGee,cmacgee8p@about.com,Agender,50.187.151.11
2415,Camilla,Kornyakov,ckornyakov8q@arizona.edu,Female,207.24.129.125
2416,Madelene,O'Gavin,mogavin8r@biglobe.ne.jp,Female,164.219.205.158
2417,Culver,Potter,cpotter8s@1688.com,Polygender,75.26.162.79
2418,Seline,Potzold,spotzold8t@bigcartel.com,Female,13.38.85.220
2419,Ryan,Boffey,rboffey8u@nature.com,Male,229.40.10.224
2420,Irvin,Readman,ireadman8v@oakley.com,Male,11.240.179.161
2421,Ragnar,Cribbin,rcribbin8w@salon.com,Male,56.150.228.204
2422,Charlena,Kenningham,ckenningham8x@springer.com,Female,251.226.159.25
2423,Judie,Brunner,jbrunner8y@godaddy.com,Female,52.100.22.22
2424,Gussie,Helin,ghelin8z@scribd.com,Female,203.111.238.252
2425,Teddy,Millichap,tmillichap90@opensource.org,Male,142.206.96.178
2426,Gardner,Antic,gantic91@un.org,Male,224.140.156.26
2427,Constanta,Trewhella,ctrewhella92@zdnet.com,Female,255.75.10.26
2428,Ty,Michell,tmichell93@businessinsider.com,Male,204.181.14.54
2429,Lauritz,Blackburne,lblackburne94@people.com.cn,Male,12.127.41.193
2430,Allis,Sellman,asellman95@pbs.org,Female,108.241.63.197
2431,Inger,Boarleyson,iboarleyson96@umn.edu,Male,104.181.164.158
2432,Ibby,Tremaine,itremaine97@fastcompany.com,Female,75.113.198.170
2433,Elberta,Berka,eberka98@about.me,Female,27.64.22.117
2434,Cyndie,Riccard,criccard99@yandex.ru,Female,239.87.229.34
2435,Waite,Girardengo,wgirardengo9a@paypal.com,Male,94.215.40.237
2436,Bert,McElroy,bmcelroy9b@dyndns.org,Female,54.180.120.116
2437,Julius,Heeps,jheeps9c@live.com,Male,19.162.9.98
2438,Ulric,Maw,umaw9d@pcworld.com,Genderqueer,234.235.116.225
2439,Barrie,Medlar,bmedlar9e@yellowbook.com,Male,137.231.211.236
2440,Sherlocke,Fearnside,sfearnside9f@newsvine.com,Male,33.204.210.90
2441,Violante,Chown,vchown9g@businesswire.com,Female,206.150.245.218
2442,Tine,Boulds,tboulds9h@xrea.com,Female,232.48.178.157
2443,Jennilee,Mowday,jmowday9i@who.int,Female,9.114.236.139
2444,Symon,Dmisek,sdmisek9j@vistaprint.com,Male,78.94.54.131
2445,Harriett,Ren,hren9k@narod.ru,Female,67.190.31.148
2446,Don,Adamsson,dadamsson9l@taobao.com,Male,191.52.68.245
2447,Giacobo,Cadding,gcadding9m@goo.gl,Male,183.162.34.203
2448,Hymie,Duhig,hduhig9n@bloomberg.com,Male,96.122.179.210
2449,Brook,Guppie,bguppie9o@ebay.co.uk,Male,83.234.187.17
2450,Major,Antoni,mantoni9p@devhub.com,Male,189.125.249.150
2451,Micheal,Heading,mheading9q@sun.com,Male,231.141.246.33
2452,Boniface,Whittam,bwhittam9r@github.com,Male,116.34.159.250
2453,Sonnnie,Gait,sgait9s@gmpg.org,Female,249.68.154.19
2454,Blair,Dudney,bdudney9t@qq.com,Genderqueer,239.69.74.69
2455,Pammie,Stitch,pstitch9u@sohu.com,Polygender,133.49.174.106
2456,Joy,Wegner,jwegner9v@adobe.com,Female,178.215.46.20
2457,Carry,Ducastel,cducastel9w@census.gov,Female,195.202.228.54
2458,Rodrick,McIlvenna,rmcilvenna9x@rambler.ru,Male,50.78.25.29
2459,Bear,Birk,bbirk9y@marketwatch.com,Male,117.63.111.183
2460,Darcie,Chorley,dchorley9z@multiply.com,Female,88.222.110.117
2461,Arleen,Barendtsen,abarendtsena0@china.com.cn,Female,175.151.132.188
2462,Temple,Osborn,tosborna1@usnews.com,Male,151.240.60.236
2463,Demetris,Du Fray,ddufraya2@hao123.com,Male,220.32.159.85
2464,Vi,Elsmor,velsmora3@fastcompany.com,Bigender,173.225.230.176
2465,Clarie,Pellatt,cpellatta4@free.fr,Female,37.39.22.76
2466,Oriana,Emney,oemneya5@lulu.com,Female,19.237.9.13
2467,Ezmeralda,Dommersen,edommersena6@opensource.org,Female,195.231.34.219
2468,Yetty,Atherton,yathertona7@i2i.jp,Female,134.146.15.3
2469,Dolores,Egdal,degdala8@vimeo.com,Female,136.85.216.185
2470,Kare,Dunphie,kdunphiea9@china.com.cn,Female,43.9.212.9
2471,Karalee,Flory,kfloryaa@amazon.de,Female,46.10.159.94
2472,Wallie,Doring,wdoringab@census.gov,Male,38.213.168.29
2473,Binky,Faull,bfaullac@feedburner.com,Male,241.2.57.72
2474,Horton,Geerits,hgeeritsad@posterous.com,Male,136.141.38.184
2475,Stefania,Gull,sgullae@sitemeter.com,Female,104.150.1.188
2476,Sax,Pallent,spallentaf@flickr.com,Male,86.94.96.194
2477,Clarice,McLeary,cmclearyag@yelp.com,Female,44.171.209.36
2478,Xymenes,Aleksic,xaleksicah@nasa.gov,Male,212.31.138.73
2479,Lothaire,Parres,lparresai@fda.gov,Genderfluid,93.216.182.75
2480,Nolana,Peirpoint,npeirpointaj@qq.com,Female,103.12.151.9
2481,Gaelan,Coneybeer,gconeybeerak@scribd.com,Male,54.233.133.243
2482,Llewellyn,Makiver,lmakiveral@bing.com,Male,207.42.55.129
2483,Holly-anne,Kovnot,hkovnotam@wikispaces.com,Female,13.116.191.152
2484,Elianore,Algy,ealgyan@bloomberg.com,Female,31.234.235.122
2485,Claiborne,Brocket,cbrocketao@topsy.com,Male,197.58.4.1
2486,Fred,Buckam,fbuckamap@va.gov,Male,154.188.13.144
2487,Gilbert,Flaune,gflauneaq@squidoo.com,Male,119.208.208.90
2488,Claudette,Tipton,ctiptonar@bigcartel.com,Female,48.252.120.59
2489,Ambrose,Lantiff,alantiffas@sogou.com,Male,195.65.45.173
2490,Kerstin,Knott,kknottat@google.es,Female,242.242.254.91
2491,Bert,O'Scanlan,boscanlanau@sfgate.com,Male,141.112.164.184
2492,Mel,Pawels,mpawelsav@cornell.edu,Female,253.100.172.102
2493,Dwight,Kaesmans,dkaesmansaw@springer.com,Male,139.77.19.206
2494,Avigdor,Caccavari,acaccavariax@artisteer.com,Male,52.242.199.190
2495,Jill,Niezen,jniezenay@drupal.org,Female,247.195.129.72
2496,Alanson,Murrells,amurrellsaz@oaic.gov.au,Male,110.32.108.56
2497,Pearce,Lawland,plawlandb0@gravatar.com,Male,67.148.181.209
2498,Krysta,Alelsandrowicz,kalelsandrowiczb1@cmu.edu,Female,243.94.176.117
2499,Michell,Bracci,mbraccib2@discovery.com,Female,63.138.237.90
2500,Simona,Broster,sbrosterb3@symantec.com,Female,15.60.164.101
2501,Mal,Jesson,mjessonb4@uiuc.edu,Polygender,140.238.113.158
2502,Jozef,Wilcockes,jwilcockesb5@cargocollective.com,Male,48.216.48.205
2503,Nicolai,Bock,nbockb6@gnu.org,Male,166.211.166.5
2504,Loydie,Caselick,lcaselickb7@nhs.uk,Male,35.243.124.72
2505,Robbin,Sprasen,rsprasenb8@barnesandnoble.com,Female,170.245.245.72
2506,Lucienne,Canas,lcanasb9@bizjournals.com,Genderqueer,203.156.244.250
2507,Jakob,Grix,jgrixba@webs.com,Agender,44.3.141.108
2508,Burke,Skilling,bskillingbb@census.gov,Male,74.218.20.58
2509,Brant,Shine,bshinebc@privacy.gov.au,Male,175.96.89.241
2510,Odette,Fretter,ofretterbd@moonfruit.com,Female,202.67.46.222
2511,Saundra,Verheijden,sverheijdenbe@paginegialle.it,Male,216.108.39.232
2512,Hyacintha,Yurivtsev,hyurivtsevbf@stumbleupon.com,Female,131.59.50.230
2513,Jess,Hullyer,jhullyerbg@drupal.org,Agender,95.187.89.246
2514,Rudolfo,Shergill,rshergillbh@facebook.com,Male,20.153.148.152
2515,Marris,Stoop,mstoopbi@ifeng.com,Polygender,5.37.75.158
2516,Levi,Proppers,lproppersbj@sohu.com,Male,173.83.248.1
2517,Munroe,Entres,mentresbk@marketwatch.com,Male,251.200.127.249
2518,Opalina,Heathfield,oheathfieldbl@blogspot.com,Female,142.169.109.80
2519,Harman,Tolland,htollandbm@hibu.com,Non-binary,228.159.100.21
2520,Kahlil,Scadding,kscaddingbn@paginegialle.it,Male,222.203.30.66
2521,Pippo,Hartshorn,phartshornbo@wunderground.com,Male,228.233.70.162
2522,Colin,Flaherty,cflahertybp@canalblog.com,Bigender,41.122.2.51
2523,Dedra,Matuschek,dmatuschekbq@furl.net,Female,228.12.76.92
2524,Alie,Rayhill,arayhillbr@t.co,Female,162.152.216.188
2525,Augustus,Lytle,alytlebs@posterous.com,Male,33.79.50.175
2526,Corene,Racher,cracherbt@sbwire.com,Female,31.254.219.16
2527,Barnett,Nicol,bnicolbu@salon.com,Male,186.72.164.115
2528,Rodney,Petto,rpettobv@weebly.com,Male,78.110.9.160
2529,Donny,Burle,dburlebw@google.de,Female,171.14.161.172
2530,Derry,Purvis,dpurvisbx@mlb.com,Male,38.130.73.31
2531,Pauly,Curzon,pcurzonby@squidoo.com,Non-binary,27.75.165.132
2532,Josefina,Conti,jcontibz@globo.com,Female,126.69.34.85
2533,Jo-anne,Millhill,jmillhillc0@marriott.com,Female,42.14.166.105
2534,Candra,Doxey,cdoxeyc1@arstechnica.com,Female,6.245.230.24
2535,Selestina,Cartin,scartinc2@lycos.com,Female,190.51.209.148
2536,West,Paddemore,wpaddemorec3@hao123.com,Male,42.220.255.176
2537,Dido,De Laspee,ddelaspeec4@wikimedia.org,Female,22.234.17.84
2538,Heall,Welford,hwelfordc5@goo.ne.jp,Male,80.50.188.13
2539,Zsazsa,Cullinan,zcullinanc6@eepurl.com,Female,125.212.221.158
2540,Wendell,Decourcy,wdecourcyc7@wikipedia.org,Male,128.81.43.221
2541,Jenine,Widdicombe,jwiddicombec8@paginegialle.it,Agender,101.198.205.39
2542,Vassili,McLachlan,vmclachlanc9@example.com,Male,176.167.12.226
2543,Mirabel,Le Friec,mlefriecca@webs.com,Genderqueer,111.220.103.212
2544,Rene,Kobus,rkobuscb@wp.com,Male,3.83.194.36
2545,Maddy,Cressey,mcresseycc@google.pl,Female,212.103.137.165
2546,Kenneth,Tradewell,ktradewellcd@woothemes.com,Male,23.133.185.52
2547,Hamnet,Jodlkowski,hjodlkowskice@google.cn,Male,15.5.153.245
2548,Stacee,Dello,sdellocf@icq.com,Female,31.204.184.139
2549,Pedro,Clowney,pclowneycg@usnews.com,Male,171.225.97.163
2550,Abbot,Breton,abretonch@barnesandnoble.com,Male,226.77.64.207
2551,Luca,Smellie,lsmellieci@timesonline.co.uk,Male,142.174.73.246
2552,Jamil,Jeannet,jjeannetcj@360.cn,Male,207.207.169.32
2553,Vin,Kiddle,vkiddleck@vkontakte.ru,Male,250.115.249.79
2554,Carla,Witcher,cwitchercl@mtv.com,Female,77.191.117.11
2555,Chrisse,Gateman,cgatemancm@prweb.com,Male,44.152.135.234
2556,Bevvy,Crampsey,bcrampseycn@sina.com.cn,Female,241.131.164.9
2557,Brooke,Batchelder,bbatchelderco@yahoo.com,Female,68.85.234.186
2558,Veradis,Onslow,vonslowcp@blogspot.com,Female,147.86.165.182
2559,Wendi,Godfroy,wgodfroycq@about.me,Female,27.59.57.89
2560,Elise,Kentish,ekentishcr@barnesandnoble.com,Female,90.242.20.105
2561,Anya,Rothermel,arothermelcs@ovh.net,Female,77.200.61.254
2562,Diannne,Nolda,dnoldact@utexas.edu,Female,33.168.23.75
2563,Philis,Tuberfield,ptuberfieldcu@163.com,Bigender,133.170.210.186
2564,Orelia,Elleray,oelleraycv@microsoft.com,Genderfluid,105.197.177.53
2565,Casper,Matys,cmatyscw@comsenz.com,Male,32.168.123.206
2566,Jen,Waylett,jwaylettcx@berkeley.edu,Female,39.101.232.226
2567,Orson,Finlason,ofinlasoncy@printfriendly.com,Male,95.240.125.7
2568,Ingram,Gant,igantcz@php.net,Male,112.226.243.82
2569,Spence,Mayow,smayowd0@istockphoto.com,Male,152.170.43.39
2570,Kippy,Comley,kcomleyd1@loc.gov,Female,136.64.131.85
2571,Allyn,Kemshell,akemshelld2@webmd.com,Female,12.193.144.145
2572,Mano,Hazel,mhazeld3@google.com,Male,246.33.66.153
2573,Aimil,Thoms,athomsd4@networksolutions.com,Female,67.139.124.158
2574,Moe,Dellow,mdellowd5@ning.com,Male,89.59.84.244
2575,Eugenio,Ballaam,eballaamd6@addthis.com,Male,69.233.229.210
2576,Myron,Magnar,mmagnard7@ow.ly,Male,104.242.101.184
2577,Krystyna,Clementel,kclementeld8@uiuc.edu,Female,77.158.202.1
2578,Ekaterina,Glaze,eglazed9@elegantthemes.com,Female,99.197.38.235
2579,Reeva,Jackalin,rjackalinda@netlog.com,Female,127.97.235.96
2580,Niven,Catton,ncattondb@wikispaces.com,Male,130.8.137.243
2581,Brade,Skeel,bskeeldc@ca.gov,Bigender,145.103.146.118
2582,Cody,McSperrin,cmcsperrindd@aboutads.info,Male,241.251.248.45
2583,Caritta,Haller,challerde@ed.gov,Female,9.46.8.110
2584,Saul,Skillett,sskillettdf@bluehost.com,Male,9.226.38.73
2585,Marleen,Willment,mwillmentdg@youku.com,Female,165.206.44.147
2586,Rea,Ricciardi,rricciardidh@desdev.cn,Female,4.58.246.243
2587,Ronnica,Dungay,rdungaydi@rambler.ru,Female,220.131.193.28
2588,Weidar,Wreiford,wwreiforddj@behance.net,Genderfluid,230.164.115.184
2589,Karita,Moizer,kmoizerdk@oracle.com,Female,248.182.97.66
2590,Derron,Danat,ddanatdl@posterous.com,Male,201.95.120.26
2591,Mariam,Doulden,mdouldendm@samsung.com,Female,231.54.119.102
2592,Margery,Connock,mconnockdn@disqus.com,Female,247.174.39.68
2593,Trenton,Tween,ttweendo@hugedomains.com,Male,172.134.21.155
2594,Ingamar,Kimbley,ikimbleydp@123-reg.co.uk,Male,74.0.234.128
2595,Wilfred,Seczyk,wseczykdq@boston.com,Male,214.122.214.23
2596,Gregoor,Face,gfacedr@issuu.com,Male,143.255.154.105
2597,Creigh,Cooksley,ccooksleyds@princeton.edu,Genderfluid,60.108.242.203
2598,Tadeas,Sopp,tsoppdt@cpanel.net,Male,92.134.141.192
2599,Giorgia,Perutto,gperuttodu@list-manage.com,Female,56.11.87.194
2600,Kary,Sothern,ksotherndv@npr.org,Genderqueer,111.171.174.47
2601,Concettina,Crone,ccronedw@bigcartel.com,Female,73.249.253.32
2602,Leonhard,Garlant,lgarlantdx@blogs.com,Male,116.118.136.32
2603,Jade,Clementel,jclementeldy@newyorker.com,Female,213.142.77.86
2604,Pauletta,Abramowitz,pabramowitzdz@mit.edu,Female,140.152.192.37
2605,Benetta,Eliesco,beliescoe0@networkadvertising.org,Agender,157.61.113.173
2606,Carter,Manktelow,cmanktelowe1@nps.gov,Male,87.243.237.222
2607,Izzy,Voaden,ivoadene2@mit.edu,Male,133.94.63.73
2608,Aluino,Merner,amernere3@cbc.ca,Male,168.221.25.153
2609,Jana,Cicero,jciceroe4@meetup.com,Female,136.74.105.63
2610,Trip,Skayman,tskaymane5@dyndns.org,Male,72.28.40.160
2611,Nerta,Renals,nrenalse6@nps.gov,Female,195.146.11.199
2612,Gonzales,Petrushkevich,gpetrushkeviche7@dell.com,Male,194.144.31.110
2613,Garrick,Sines,gsinese8@macromedia.com,Male,79.55.168.203
2614,Rachael,Trawin,rtrawine9@mtv.com,Female,70.225.106.129
2615,Maude,Looney,mlooneyea@zdnet.com,Female,240.88.86.10
2616,Diahann,Crickmer,dcrickmereb@about.com,Female,73.82.88.76
2617,Eleanora,Chave,echaveec@cdc.gov,Female,100.5.74.121
2618,Madge,Posvner,mposvnered@omniture.com,Female,46.122.251.49
2619,Maggi,Frostdyke,mfrostdykeee@myspace.com,Female,162.214.150.22
2620,Barbe,Forder,bforderef@sciencedaily.com,Female,105.98.230.161
2621,Carlynn,Mosen,cmoseneg@free.fr,Female,20.201.126.235
2622,Elfreda,Towe,etoweeh@soup.io,Female,33.57.230.233
2623,Sayres,Cosgrive,scosgriveei@twitpic.com,Non-binary,115.137.165.130
2624,Dee,Basden,dbasdenej@cafepress.com,Female,228.248.64.54
2625,Riki,Larrad,rlarradek@usa.gov,Female,82.83.103.111
2626,Rollo,Plante,rplanteel@chronoengine.com,Male,61.2.194.110
2627,Barrie,Merritt,bmerrittem@meetup.com,Male,39.169.114.103
2628,Elise,Mealand,emealanden@qq.com,Female,248.215.149.60
2629,Sam,Brookshaw,sbrookshaweo@godaddy.com,Male,149.208.138.126
2630,Rabi,Leeves,rleevesep@mac.com,Male,78.119.212.141
2631,Brnaba,Duffil,bduffileq@webeden.co.uk,Male,195.88.203.33
2632,Rosaline,Gandley,rgandleyer@amazon.de,Female,209.161.211.71
2633,Jemmie,Ilem,jilemes@squidoo.com,Female,129.212.184.71
2634,Sara-ann,Dulanty,sdulantyet@soup.io,Female,131.108.225.57
2635,Dan,Mollin,dmollineu@instagram.com,Male,200.249.95.73
2636,Giordano,Castiglio,gcastiglioev@altervista.org,Male,231.237.181.145
2637,Engelbert,Josephsen,ejosephsenew@amazon.co.uk,Male,163.81.98.17
2638,Dacia,Rubinchik,drubinchikex@t-online.de,Female,195.198.11.196
2639,Pepe,Sleite,psleiteey@tinyurl.com,Male,112.56.162.3
2640,Misty,Balasini,mbalasiniez@weather.com,Genderqueer,89.249.121.104
2641,Lydia,Moyce,lmoycef0@economist.com,Female,233.243.54.84
2642,Orsa,Brolechan,obrolechanf1@bravesites.com,Female,148.80.177.229
2643,Alli,Worswick,aworswickf2@bandcamp.com,Female,120.102.77.225
2644,Melitta,Brunner,mbrunnerf3@apache.org,Female,18.188.5.166
2645,Marne,Arrell,marrellf4@over-blog.com,Female,54.100.205.54
2646,Donnamarie,Harriagn,dharriagnf5@drupal.org,Female,165.223.155.64
2647,Clay,Colquite,ccolquitef6@shutterfly.com,Male,70.2.53.60
2648,Olia,Jakoubec,ojakoubecf7@hugedomains.com,Female,203.112.111.23
2649,Amye,Terbeek,aterbeekf8@51.la,Female,42.3.12.239
2650,Lucky,Hamprecht,lhamprechtf9@spotify.com,Female,193.18.7.207
2651,Kelwin,Bean,kbeanfa@japanpost.jp,Male,78.74.71.126
2652,Eilis,Gerrit,egerritfb@psu.edu,Female,210.197.20.99
2653,Barney,Mogie,bmogiefc@feedburner.com,Male,84.249.219.127
2654,Moishe,Arnot,marnotfd@lycos.com,Male,202.253.240.230
2655,Kellie,Wasiela,kwasielafe@behance.net,Female,231.220.22.23
2656,Kai,Filgate,kfilgateff@blogtalkradio.com,Female,75.213.155.21
2657,Vachel,Harral,vharralfg@uiuc.edu,Male,180.200.54.9
2658,Irene,Bote,ibotefh@theguardian.com,Female,225.143.144.161
2659,Gabie,Findlow,gfindlowfi@scribd.com,Genderqueer,152.220.114.35
2660,Hollie,Tomankowski,htomankowskifj@xinhuanet.com,Non-binary,39.162.205.150
2661,Rob,Kincla,rkinclafk@aboutads.info,Male,149.6.64.214
2662,Analise,Shirlaw,ashirlawfl@mit.edu,Female,232.5.230.191
2663,Wyatt,Winsor,wwinsorfm@dailymail.co.uk,Male,19.50.157.38
2664,Helen-elizabeth,Udell,hudellfn@about.com,Genderqueer,84.88.111.239
2665,Conn,Jewers,cjewersfo@123-reg.co.uk,Male,254.218.108.158
2666,Felicity,Greensitt,fgreensittfp@bbb.org,Female,13.215.44.88
2667,Royce,Sweetenham,rsweetenhamfq@chron.com,Male,189.238.10.212
2668,Dominick,Greener,dgreenerfr@cbc.ca,Male,202.131.191.178
2669,Chev,Moreland,cmorelandfs@cargocollective.com,Male,186.146.124.158
2670,Kari,Macellar,kmacellarft@cbslocal.com,Female,83.118.172.165
2671,Marrilee,Cryer,mcryerfu@washington.edu,Female,141.52.179.117
2672,Normie,Aronstein,naronsteinfv@earthlink.net,Male,72.152.190.241
2673,Wallas,Skerratt,wskerrattfw@dropbox.com,Male,180.98.151.69
2674,Davide,Sargint,dsargintfx@gravatar.com,Male,24.8.112.68
2675,Aguie,Nurse,anursefy@geocities.com,Male,68.34.19.96
2676,Shirlene,Werendell,swerendellfz@google.co.uk,Female,142.25.158.68
2677,Nady,Tregear,ntregearg0@webnode.com,Female,204.107.242.84
2678,Vincenty,Townsend,vtownsendg1@facebook.com,Male,213.118.214.145
2679,Hayes,Orange,horangeg2@tamu.edu,Bigender,157.209.233.99
2680,Cristie,Norley,cnorleyg3@acquirethisname.com,Female,93.129.82.186
2681,Cordy,Valder,cvalderg4@upenn.edu,Male,100.91.168.201
2682,Marcel,Low,mlowg5@jigsy.com,Male,109.215.55.110
2683,Nikkie,Januszkiewicz,njanuszkiewiczg6@tripod.com,Female,47.10.252.202
2684,Jody,Delatour,jdelatourg7@nhs.uk,Female,3.136.214.44
2685,Luise,Surgen,lsurgeng8@slashdot.org,Agender,29.23.216.227
2686,Davine,Arrighetti,darrighettig9@topsy.com,Non-binary,192.177.197.23
2687,Stacee,Fayers,sfayersga@1688.com,Female,51.141.232.59
2688,Gene,Hinkes,ghinkesgb@barnesandnoble.com,Female,17.197.224.119
2689,Ardelis,Lamminam,alamminamgc@uiuc.edu,Female,34.28.103.7
2690,Reynolds,MacKonochie,rmackonochiegd@wiley.com,Male,123.2.252.169
2691,Elden,Andino,eandinoge@nhs.uk,Genderqueer,249.84.82.57
2692,Carly,Jellman,cjellmangf@ucla.edu,Male,13.32.111.170
2693,Emily,Colbran,ecolbrangg@biblegateway.com,Agender,148.177.236.245
2694,Rosalia,Polhill,rpolhillgh@macromedia.com,Female,160.58.72.179
2695,Hobie,Crocket,hcrocketgi@about.me,Male,42.125.19.24
2696,Milli,Gamblin,mgamblingj@bravesites.com,Female,39.170.140.72
2697,Gabie,Shepheard,gshepheardgk@java.com,Male,187.95.218.8
2698,Arnie,Lindell,alindellgl@blogger.com,Male,29.98.155.152
2699,Nial,Gladdis,ngladdisgm@apple.com,Male,37.127.113.174
2700,Anthony,Bumpus,abumpusgn@blogtalkradio.com,Non-binary,227.135.24.236
2701,Molly,Couves,mcouvesgo@ucoz.com,Female,94.164.15.39
2702,Allyn,Habbes,ahabbesgp@sourceforge.net,Female,122.132.50.3
2703,Lon,Pyser,lpysergq@nih.gov,Genderfluid,250.255.232.192
2704,Esdras,Eisak,eeisakgr@domainmarket.com,Male,252.53.89.200
2705,Pen,Hanalan,phanalangs@goo.gl,Male,190.125.91.50
2706,Heall,Ratazzi,hratazzigt@biglobe.ne.jp,Male,86.214.56.185
2707,Iorgo,Aleevy,ialeevygu@unc.edu,Male,235.107.16.140
2708,Colver,Roles,crolesgv@tuttocitta.it,Male,66.204.7.56
2709,Jeanna,Kintzel,jkintzelgw@ustream.tv,Female,209.152.124.157
2710,Karl,Hawtin,khawtingx@goo.gl,Male,236.25.248.32
2711,Rosy,Cleatherow,rcleatherowgy@qq.com,Female,159.23.172.55
2712,Marten,Oakey,moakeygz@google.co.uk,Agender,177.186.117.162
2713,Daniela,Cowlin,dcowlinh0@com.com,Female,14.254.249.141
2714,Geordie,Standbridge,gstandbridgeh1@google.nl,Male,179.254.206.205
2715,Corabel,Packe,cpackeh2@nifty.com,Female,215.103.7.229
2716,Aurilia,Brownlie,abrownlieh3@arizona.edu,Female,195.105.122.110
2717,Eilis,Meadus,emeadush4@slideshare.net,Female,253.162.149.26
2718,Lanie,Finlan,lfinlanh5@hao123.com,Polygender,233.131.55.178
2719,Winny,Blaylock,wblaylockh6@walmart.com,Agender,131.91.197.222
2720,Margeaux,Wombwell,mwombwellh7@ifeng.com,Female,160.60.121.212
2721,Binky,Cotgrave,bcotgraveh8@berkeley.edu,Male,125.42.212.67
2722,Jesselyn,Hucklesby,jhucklesbyh9@blogtalkradio.com,Female,14.207.35.56
2723,Nels,Vellacott,nvellacottha@exblog.jp,Male,108.11.249.125
2724,Lark,Pedrocchi,lpedrocchihb@opera.com,Female,69.162.120.194
2725,Lulita,Gutch,lgutchhc@ow.ly,Female,185.58.42.80
2726,Lauren,Jefferys,ljefferyshd@blogspot.com,Male,97.180.114.58
2727,Pail,Roose,proosehe@cpanel.net,Male,164.227.106.83
2728,Alidia,Scotchmore,ascotchmorehf@google.co.jp,Female,219.193.86.176
2729,Ximenez,Curgenven,xcurgenvenhg@ucsd.edu,Agender,64.151.169.59
2730,Laurie,Woolway,lwoolwayhh@usda.gov,Male,188.71.49.143
2731,Aubert,Milesop,amilesophi@apache.org,Male,96.105.58.254
2732,Abbie,Glanfield,aglanfieldhj@i2i.jp,Male,185.195.221.151
2733,Elaina,Bowers,ebowershk@constantcontact.com,Female,149.188.164.243
2734,Seana,Hopkyns,shopkynshl@php.net,Female,83.251.62.84
2735,Arnold,Fearnehough,afearnehoughhm@hhs.gov,Male,185.191.40.31
2736,Chad,Duddell,cduddellhn@w3.org,Male,255.149.168.80
2737,Dennie,Jerdan,djerdanho@umn.edu,Female,222.4.116.110
2738,Kristoffer,Copley,kcopleyhp@bandcamp.com,Male,27.209.45.237
2739,Dulcie,Rothman,drothmanhq@samsung.com,Female,24.87.217.137
2740,Lydie,De la Yglesia,ldelayglesiahr@quantcast.com,Bigender,26.126.232.30
2741,Currie,Oiseau,coiseauhs@twitpic.com,Bigender,49.81.148.247
2742,Massimiliano,Lammin,mlamminht@mtv.com,Male,74.122.195.19
2743,Josefina,Plowright,jplowrighthu@github.com,Female,233.7.239.10
2744,Teodoro,Juschke,tjuschkehv@irs.gov,Male,236.241.95.225
2745,Gipsy,Winyard,gwinyardhw@harvard.edu,Female,133.63.156.0
2746,Walton,Cowling,wcowlinghx@ovh.net,Male,183.137.36.52
2747,Virge,Crother,vcrotherhy@nba.com,Male,82.185.119.213
2748,Inesita,Alvarado,ialvaradohz@redcross.org,Female,147.231.30.189
2749,Bethanne,De Lisle,bdelislei0@clickbank.net,Female,230.82.140.20
2750,Roth,Duquesnay,rduquesnayi1@google.com.au,Male,63.101.236.244
2751,Ellyn,Playford,eplayfordi2@jimdo.com,Female,59.213.80.89
2752,Adriaens,Lampl,alampli3@ucoz.com,Female,180.250.237.194
2753,Delcina,Jerrom,djerromi4@blog.com,Female,235.215.121.146
2754,Alia,Husselbee,ahusselbeei5@hubpages.com,Female,53.66.250.162
2755,Bunnie,Shirlaw,bshirlawi6@usatoday.com,Female,40.79.185.252
2756,Britt,Wolfers,bwolfersi7@va.gov,Male,93.235.65.170
2757,Seymour,Phillimore,sphillimorei8@about.com,Male,41.129.202.187
2758,Blinnie,Bairnsfather,bbairnsfatheri9@who.int,Female,196.236.242.38
2759,Loraine,Trigwell,ltrigwellia@moonfruit.com,Female,183.1.97.174
2760,Xenos,Mapes,xmapesib@umich.edu,Male,171.70.159.185
2761,Valera,Oade,voadeic@artisteer.com,Female,221.223.219.204
2762,Antin,Jellico,ajellicoid@nifty.com,Male,8.254.175.195
2763,Clint,Hatwell,chatwellie@networkadvertising.org,Male,136.49.138.136
2764,Reilly,Fielden,rfieldenif@t-online.de,Male,107.111.179.149
2765,Stanislaw,Lightbowne,slightbowneig@phpbb.com,Male,132.134.7.105
2766,Florina,Fearns,ffearnsih@cbsnews.com,Female,58.6.177.214
2767,Abbott,Bunworth,abunworthii@spiegel.de,Male,201.254.195.78
2768,Lorita,Goggins,lgogginsij@arstechnica.com,Female,13.116.176.59
2769,Donia,Buzin,dbuzinik@360.cn,Bigender,225.167.135.106
2770,Augustus,Furby,afurbyil@yellowpages.com,Male,74.237.219.255
2771,Niki,Glynn,nglynnim@google.fr,Female,236.208.116.204
2772,Marley,Tippler,mtipplerin@newsvine.com,Female,169.85.20.147
2773,Ambros,Pieter,apieterio@boston.com,Male,183.143.142.168
2774,Matthiew,O'Neill,moneillip@noaa.gov,Male,139.88.191.42
2775,Tina,Robuchon,trobuchoniq@hud.gov,Female,114.150.38.79
2776,Birk,Robathon,brobathonir@ebay.com,Male,100.97.87.43
2777,Putnem,Budding,pbuddingis@surveymonkey.com,Male,172.33.31.192
2778,Deck,Guthrie,dguthrieit@oracle.com,Male,39.228.167.129
2779,Tibold,Simnell,tsimnelliu@comcast.net,Male,83.212.144.190
2780,Clyve,Grancher,cgrancheriv@apple.com,Male,96.68.202.188
2781,Kirsten,Finkle,kfinkleiw@cmu.edu,Agender,47.226.105.17
2782,Georgeta,Glasbey,gglasbeyix@bbb.org,Female,18.59.190.97
2783,Bink,Geraldo,bgeraldoiy@sphinn.com,Male,87.39.138.88
2784,Augustine,Lambal,alambaliz@paypal.com,Female,154.126.89.173
2785,Cherye,Rodman,crodmanj0@dailymail.co.uk,Female,46.222.163.3
2786,Dewie,Lorinez,dlorinezj1@jimdo.com,Male,238.127.193.67
2787,Drusie,Lucien,dlucienj2@state.tx.us,Female,251.49.114.149
2788,Nerita,Mughal,nmughalj3@i2i.jp,Female,65.40.27.238
2789,Les,Lea,lleaj4@blinklist.com,Male,248.190.252.211
2790,Noe,Heigold,nheigoldj5@yellowbook.com,Male,199.13.213.41
2791,Tiffanie,Joutapavicius,tjoutapaviciusj6@amazon.com,Female,22.168.8.89
2792,Amelia,Upham,auphamj7@spotify.com,Bigender,143.255.14.17
2793,Beverly,Rudolf,brudolfj8@time.com,Female,53.238.83.92
2794,Rod,Scholte,rscholtej9@wix.com,Male,251.102.220.61
2795,Mel,Rapson,mrapsonja@si.edu,Female,219.83.83.79
2796,Pete,Wheelan,pwheelanjb@nifty.com,Male,46.143.129.70
2797,Dill,Grigoroni,dgrigoronijc@mashable.com,Agender,13.31.44.44
2798,Shaughn,O'Neal,sonealjd@smh.com.au,Male,56.78.58.242
2799,Kerry,Tellesson,ktellessonje@tumblr.com,Female,32.186.251.57
2800,Dewitt,Wickwarth,dwickwarthjf@freewebs.com,Male,76.65.74.181
2801,Friedrich,Chippindale,fchippindalejg@cpanel.net,Male,151.227.96.177
2802,Birch,Noakes,bnoakesjh@businessweek.com,Male,67.90.62.120
2803,Samantha,Malley,smalleyji@usgs.gov,Genderfluid,221.119.221.253
2804,Moselle,Brownill,mbrownilljj@wikia.com,Female,225.60.87.167
2805,Llewellyn,Chesser,lchesserjk@soundcloud.com,Male,36.244.51.150
2806,Neville,Mcmanaman,nmcmanamanjl@constantcontact.com,Male,34.156.39.161
2807,Faith,Isaksen,fisaksenjm@boston.com,Female,171.223.216.218
2808,Cynthia,Bonney,cbonneyjn@berkeley.edu,Female,46.52.16.96
2809,Hugibert,Caze,hcazejo@ask.com,Male,127.123.12.103
2810,Travus,Nyssen,tnyssenjp@biglobe.ne.jp,Male,39.144.18.43
2811,Maurie,Caroll,mcarolljq@samsung.com,Male,33.148.112.110
2812,Rennie,Jamson,rjamsonjr@apache.org,Female,112.107.124.25
2813,Luci,Guidone,lguidonejs@gov.uk,Agender,223.208.129.61
2814,Eleanora,Richly,erichlyjt@epa.gov,Female,109.237.8.92
2815,Agatha,Shakespear,ashakespearju@bbb.org,Female,147.247.221.166
2816,Andreas,Dudeney,adudeneyjv@t-online.de,Male,145.170.211.165
2817,Pierre,Dovington,pdovingtonjw@msn.com,Male,131.156.67.27
2818,Cati,Kemwal,ckemwaljx@about.me,Female,216.197.97.143
2819,Janaye,Kite,jkitejy@sohu.com,Female,100.246.110.229
2820,Abbey,Bauchop,abauchopjz@ed.gov,Female,34.97.178.224
2821,Saunder,Greenwell,sgreenwellk0@pen.io,Bigender,129.226.168.102
2822,Fields,Cardoso,fcardosok1@auda.org.au,Male,227.213.132.245
2823,Yettie,Zanini,yzaninik2@blog.com,Polygender,87.5.119.116
2824,Jessey,Ertel,jertelk3@mail.ru,Male,255.4.107.210
2825,Rozanne,O'Ferris,roferrisk4@ihg.com,Female,1.90.6.109
2826,Danna,Pembery,dpemberyk5@tripadvisor.com,Female,23.229.201.101
2827,Rosaline,Jackman,rjackmank6@joomla.org,Female,85.67.123.5
2828,Riane,Spellman,rspellmank7@fastcompany.com,Female,153.160.53.54
2829,Poul,Millican,pmillicank8@wsj.com,Male,223.91.113.251
2830,Matty,Screen,mscreenk9@webeden.co.uk,Female,28.50.23.73
2831,Analiese,Hasell,ahasellka@ning.com,Female,237.20.83.64
2832,Joella,Cottam,jcottamkb@google.fr,Agender,2.196.29.64
2833,Balduin,Kun,bkunkc@hostgator.com,Male,191.225.201.109
2834,Vinson,Starten,vstartenkd@ca.gov,Male,121.180.40.168
2835,Christiane,Husselbee,chusselbeeke@soundcloud.com,Female,177.15.238.249
2836,Dorri,Korlat,dkorlatkf@seesaa.net,Female,204.91.165.243
2837,Petronia,Aartsen,paartsenkg@imdb.com,Female,129.250.230.225
2838,Roanne,Longo,rlongokh@wix.com,Female,102.218.237.25
2839,Pansy,Traylen,ptraylenki@blinklist.com,Female,95.110.210.209
2840,Vonny,Entres,ventreskj@china.com.cn,Female,39.97.54.119
2841,Latashia,Cicconettii,lcicconettiikk@gmpg.org,Genderfluid,215.128.173.3
2842,Ursala,Loomes,uloomeskl@drupal.org,Female,204.74.7.62
2843,Englebert,Shakesbye,eshakesbyekm@symantec.com,Male,125.71.57.236
2844,Mellicent,Aves,maveskn@java.com,Female,139.66.37.88
2845,Maxim,Winsbury,mwinsburyko@eepurl.com,Male,74.127.128.38
2846,Ian,Witherington,iwitheringtonkp@nbcnews.com,Genderqueer,208.170.213.15
2847,Monica,Lamberteschi,mlamberteschikq@about.com,Non-binary,133.228.46.106
2848,Margaret,Kingwell,mkingwellkr@bravesites.com,Female,157.225.106.43
2849,Jerry,Cuchey,jcucheyks@imageshack.us,Male,229.73.57.50
2850,Kerrie,Mathivat,kmathivatkt@ed.gov,Female,217.126.39.103
2851,Vanny,Mallett,vmallettku@deviantart.com,Female,39.196.35.106
2852,Lizzie,Carnow,lcarnowkv@unesco.org,Female,165.167.122.83
2853,Lodovico,Chipps,lchippskw@huffingtonpost.com,Male,98.50.0.98
2854,Koren,Bellhanger,kbellhangerkx@nbcnews.com,Female,164.241.138.99
2855,Horatius,Tointon,htointonky@plala.or.jp,Male,127.92.246.190
2856,Dena,Fewless,dfewlesskz@e-recht24.de,Female,57.211.142.226
2857,Marysa,Goodin,mgoodinl0@yahoo.co.jp,Female,184.45.59.41
2858,Monro,Martell,mmartelll1@dyndns.org,Male,184.189.160.1
2859,Gian,Godon,ggodonl2@japanpost.jp,Male,82.9.148.99
2860,Terra,Pipe,tpipel3@studiopress.com,Female,113.60.188.140
2861,Blaine,Arundel,barundell4@nydailynews.com,Male,146.179.55.214
2862,Dita,Slopier,dslopierl5@nymag.com,Female,50.195.119.21
2863,Alix,Shave,ashavel6@home.pl,Male,220.79.40.124
2864,Jacklin,Lundbech,jlundbechl7@shutterfly.com,Agender,154.231.71.127
2865,Hoyt,Mordon,hmordonl8@moonfruit.com,Male,18.80.227.240
2866,Jobyna,Mattiuzzi,jmattiuzzil9@stanford.edu,Female,224.75.98.157
2867,Rachelle,Rollo,rrollola@rediff.com,Non-binary,20.80.227.24
2868,Codie,Simioli,csimiolilb@yolasite.com,Female,7.24.162.194
2869,Gaby,Palliser,gpalliserlc@cargocollective.com,Male,44.78.28.214
2870,Retha,Treasaden,rtreasadenld@who.int,Female,119.37.8.224
2871,Ingelbert,Llewelyn,illewelynle@aboutads.info,Male,244.97.29.174
2872,Vivianna,Snel,vsnellf@nsw.gov.au,Female,0.216.34.246
2873,Frederich,Slyvester,fslyvesterlg@bbc.co.uk,Male,51.112.121.90
2874,Irena,Mussared,imussaredlh@xing.com,Female,93.121.158.99
2875,Marketa,Dawley,mdawleyli@t-online.de,Female,182.222.223.65
2876,Janessa,Hischke,jhischkelj@geocities.com,Female,105.51.4.67
2877,Carly,Filipczak,cfilipczaklk@furl.net,Female,204.2.184.84
2878,Shina,Ciccarelli,sciccarellill@reddit.com,Non-binary,12.149.9.172
2879,Urbain,Brimacombe,ubrimacombelm@posterous.com,Male,130.121.152.238
2880,Catie,Benadette,cbenadetteln@google.pl,Female,220.167.143.150
2881,Desi,Pickavance,dpickavancelo@fastcompany.com,Male,247.201.71.71
2882,Teena,Glitherow,tglitherowlp@addtoany.com,Female,177.244.138.21
2883,Eziechiele,Lathy,elathylq@squidoo.com,Male,197.225.180.22
2884,Alvinia,Gores,agoreslr@multiply.com,Female,16.169.63.126
2885,Michail,Lindstedt,mlindstedtls@wp.com,Male,129.123.28.125
2886,Stu,Olman,solmanlt@yellowpages.com,Male,38.32.242.123
2887,Gertie,Walthew,gwalthewlu@ocn.ne.jp,Genderfluid,172.156.13.73
2888,Hersch,Gilgryst,hgilgrystlv@goodreads.com,Male,34.242.10.155
2889,Conan,Corten,ccortenlw@tuttocitta.it,Genderfluid,107.151.235.195
2890,Lucho,Tarling,ltarlinglx@blogs.com,Male,102.119.141.107
2891,Aubrie,Monelli,amonellily@nyu.edu,Female,231.104.25.213
2892,Jacky,Saint,jsaintlz@skyrock.com,Female,69.72.163.49
2893,Maurizio,Louch,mlouchm0@eepurl.com,Male,152.98.31.23
2894,Brendin,Harvey,bharveym1@zimbio.com,Male,176.84.7.40
2895,Dagmar,Billiard,dbilliardm2@icq.com,Female,248.248.167.32
2896,Hobey,Grimsdell,hgrimsdellm3@google.nl,Male,128.225.116.136
2897,Gawen,Phelipeau,gphelipeaum4@trellian.com,Male,155.198.29.61
2898,Micheil,Kentish,mkentishm5@bizjournals.com,Male,171.110.160.115
2899,Alikee,Crossley,acrossleym6@microsoft.com,Female,55.12.180.22
2900,Terrill,Fredi,tfredim7@utexas.edu,Male,76.225.98.208
2901,Tull,St Clair,tstclairm8@goodreads.com,Male,201.42.176.179
2902,Osborne,Maw,omawm9@apple.com,Male,244.29.72.41
2903,Jimmie,Peagrim,jpeagrimma@devhub.com,Male,198.166.118.134
2904,Germain,Cowely,gcowelymb@mapquest.com,Male,199.189.103.191
2905,Lianna,Toolan,ltoolanmc@artisteer.com,Female,232.10.144.124
2906,Harlie,Samper,hsampermd@dedecms.com,Bigender,21.87.107.33
2907,Clemmy,Casali,ccasalime@ovh.net,Male,202.219.92.194
2908,Bordie,Reolfi,breolfimf@themeforest.net,Male,78.94.213.122
2909,Garrick,Cripwell,gcripwellmg@smugmug.com,Male,145.150.3.194
2910,Christine,Jermey,cjermeymh@jiathis.com,Female,138.206.124.135
2911,Reagan,Glenfield,rglenfieldmi@devhub.com,Male,76.152.232.151
2912,Sofia,Armes,sarmesmj@howstuffworks.com,Female,222.14.142.14
2913,Georgeta,Dewar,gdewarmk@pen.io,Female,9.100.233.108
2914,Forest,Ladbrook,fladbrookml@sbwire.com,Male,143.24.143.112
2915,Cher,Pinkett,cpinkettmm@netscape.com,Female,104.88.119.200
2916,Othelia,Garratt,ogarrattmn@bbb.org,Female,99.209.155.250
2917,Hendrik,Smittoune,hsmittounemo@themeforest.net,Non-binary,126.207.214.172
2918,Miriam,Burnsides,mburnsidesmp@livejournal.com,Genderqueer,107.14.96.118
2919,Bartolemo,Moncreiffe,bmoncreiffemq@comcast.net,Male,220.255.53.71
2920,Rita,Clavering,rclaveringmr@ameblo.jp,Female,191.250.32.64
2921,Stoddard,Selkirk,sselkirkms@jiathis.com,Bigender,243.142.53.115
2922,Ulrick,Ruckert,uruckertmt@jigsy.com,Male,27.219.16.205
2923,Giorgio,Semeniuk,gsemeniukmu@epa.gov,Male,255.249.157.124
2924,Hillary,Isard,hisardmv@elegantthemes.com,Female,128.209.3.57
2925,Belicia,Tees,bteesmw@nationalgeographic.com,Female,186.37.103.255
2926,Kristian,Bondar,kbondarmx@engadget.com,Male,96.248.47.74
2927,Lon,Guite,lguitemy@ted.com,Male,23.229.50.155
2928,Haleigh,Stearndale,hstearndalemz@globo.com,Male,245.167.78.166
2929,Willyt,Scyner,wscynern0@google.co.uk,Female,28.96.131.138
2930,Gay,Bapty,gbaptyn1@ucla.edu,Female,215.70.22.240
2931,Jule,Jory,jjoryn2@seattletimes.com,Male,242.71.206.38
2932,Jamaal,Simioni,jsimionin3@addtoany.com,Male,176.234.212.208
2933,Isa,Buncher,ibunchern4@bloomberg.com,Polygender,200.118.104.254
2934,Cole,Bone,cbonen5@sohu.com,Male,115.38.165.61
2935,Kendell,Faherty,kfahertyn6@seattletimes.com,Male,176.78.173.32
2936,Cam,Songist,csongistn7@phoca.cz,Male,215.232.53.81
2937,Gladi,Swateridge,gswateridgen8@myspace.com,Female,149.86.179.211
2938,Hestia,Plett,hplettn9@nba.com,Female,238.177.223.96
2939,Geraldine,Bellworthy,gbellworthyna@princeton.edu,Female,188.234.113.173
2940,Carilyn,Malinowski,cmalinowskinb@answers.com,Female,1.190.13.244
2941,Orelie,Fortman,ofortmannc@cnbc.com,Female,211.36.234.236
2942,Skell,Mattsson,smattssonnd@twitter.com,Male,145.3.110.104
2943,Aron,Kingdom,akingdomne@1und1.de,Male,252.90.21.35
2944,Lark,Taylorson,ltaylorsonnf@gmpg.org,Female,233.121.40.151
2945,Cortie,Briant,cbriantng@nhs.uk,Male,43.159.191.152
2946,Vince,Hendron,vhendronnh@biglobe.ne.jp,Male,145.27.61.87
2947,Amby,Stammers,astammersni@dot.gov,Male,34.125.100.164
2948,Emily,Raulin,eraulinnj@theguardian.com,Female,65.166.37.169
2949,Jeromy,Widger,jwidgernk@mozilla.org,Male,79.137.92.200
2950,Carmela,Axston,caxstonnl@google.com.hk,Female,159.214.206.89
2951,Sigismundo,Maletratt,smaletrattnm@baidu.com,Male,134.247.38.207
2952,Dougie,Moller,dmollernn@qq.com,Male,178.109.46.213
2953,Ethe,Jacobowits,ejacobowitsno@ask.com,Male,138.254.7.53
2954,Paulette,Dory,pdorynp@ucoz.com,Female,133.36.236.174
2955,Adelbert,Johanchon,ajohanchonnq@pbs.org,Male,128.157.167.254
2956,Arri,Petrakov,apetrakovnr@usatoday.com,Male,184.161.98.92
2957,Ulick,Scholer,uscholerns@elpais.com,Male,97.62.252.82
2958,Paxon,Broady,pbroadynt@ft.com,Male,174.235.55.22
2959,Nikoletta,Carnaman,ncarnamannu@deliciousdays.com,Female,201.197.184.88
2960,Brad,Maestrini,bmaestrininv@ehow.com,Male,136.145.89.220
2961,Buck,Ashtonhurst,bashtonhurstnw@indiegogo.com,Male,220.210.193.143
2962,Leeanne,Davidowich,ldavidowichnx@mozilla.com,Female,192.128.97.215
2963,Kori,Hindenburg,khindenburgny@eventbrite.com,Female,96.64.235.225
2964,Banky,Hammerberg,bhammerbergnz@histats.com,Male,114.100.33.115
2965,Alfy,Patterfield,apatterfieldo0@tiny.cc,Female,103.53.155.151
2966,Robin,Novello,rnovelloo1@scribd.com,Bigender,238.135.33.55
2967,Igor,Story,istoryo2@smh.com.au,Male,150.55.86.82
2968,Deidre,Bellis,dbelliso3@usa.gov,Female,71.116.40.124
2969,Sibilla,Dryburgh,sdryburgho4@dot.gov,Female,123.39.56.91
2970,Gale,Snare,gsnareo5@joomla.org,Female,48.149.186.242
2971,Hedvige,McGoldrick,hmcgoldricko6@si.edu,Polygender,93.68.79.117
2972,Gardener,Legh,glegho7@archive.org,Male,10.146.242.112
2973,Ulric,Hachard,uhachardo8@tiny.cc,Male,148.23.226.133
2974,Cacilia,Treadgold,ctreadgoldo9@abc.net.au,Female,131.124.33.37
2975,Sharla,Alyoshin,salyoshinoa@netlog.com,Female,32.250.123.113
2976,Miriam,Durek,mdurekob@storify.com,Female,100.62.12.236
2977,Borg,Wrintmore,bwrintmoreoc@drupal.org,Male,199.174.167.31
2978,Darby,Lattey,dlatteyod@sbwire.com,Female,64.185.60.146
2979,Anton,Meiklejohn,ameiklejohnoe@bizjournals.com,Male,158.67.53.39
2980,Dev,Sonnenschein,dsonnenscheinof@independent.co.uk,Male,159.192.23.199
2981,Yuma,Terrelly,yterrellyog@dagondesign.com,Male,145.103.181.91
2982,Donella,Akast,dakastoh@mtv.com,Female,193.99.186.140
2983,Cynthia,Grzesiewicz,cgrzesiewiczoi@paypal.com,Female,230.101.201.182
2984,Vanya,Cranston,vcranstonoj@google.co.uk,Male,0.46.7.22
2985,Ainsley,Cushelly,acushellyok@networksolutions.com,Female,69.174.233.56
2986,Layton,Seamon,lseamonol@gravatar.com,Male,211.171.145.11
2987,Stearne,Buney,sbuneyom@artisteer.com,Male,120.7.118.239
2988,Darda,Tipperton,dtippertonon@wunderground.com,Bigender,176.247.25.247
2989,Vernor,Robley,vrobleyoo@cdc.gov,Male,132.33.29.185
2990,Corrie,Dibb,cdibbop@google.fr,Female,169.254.93.72
2991,Carolin,Loughnan,cloughnanoq@ucoz.com,Female,55.124.189.39
2992,Carleton,Straw,cstrawor@moonfruit.com,Male,90.210.196.66
2993,Oralle,Altimas,oaltimasos@homestead.com,Female,75.44.51.57
2994,Adlai,Towriss,atowrissot@archive.org,Male,91.119.115.128
2995,Evelyn,Skym,eskymou@ifeng.com,Female,238.57.140.221
2996,Alva,De la croix,adelacroixov@si.edu,Male,218.80.195.134
2997,Freddie,Cray,fcrayow@eventbrite.com,Female,47.67.178.225
2998,Darrick,Ellerman,dellermanox@yelp.com,Male,21.99.223.50
2999,Phillip,Scheu,pscheuoy@nytimes.com,Male,163.40.80.89
3000,Shea,Cicci,sciccioz@blogspot.com,Female,56.15.194.187
3001,Rochelle,Kristufek,rkristufekp0@techcrunch.com,Female,201.33.180.52
3002,Clerissa,Dixcey,cdixceyp1@biglobe.ne.jp,Female,71.133.92.26
3003,Chelsie,Fellowes,cfellowesp2@printfriendly.com,Female,44.190.169.221
3004,Stephen,Erasmus,serasmusp3@clickbank.net,Male,81.37.237.183
3005,Manon,Ainge,maingep4@springer.com,Female,85.64.141.61
3006,Maureene,Hegges,mheggesp5@pagesperso-orange.fr,Genderqueer,1.47.227.183
3007,Bernete,Alben,balbenp6@hibu.com,Female,45.131.24.231
3008,Olive,Moncaster,omoncasterp7@vinaora.com,Female,162.216.21.116
3009,Risa,Littleproud,rlittleproudp8@archive.org,Female,178.4.4.104
3010,Milena,Gadney,mgadneyp9@gizmodo.com,Female,224.49.163.215
3011,Dougy,Rains,drainspa@latimes.com,Male,40.198.61.69
3012,Christoffer,Hundal,chundalpb@ow.ly,Male,0.93.140.142
3013,Willyt,Veryard,wveryardpc@nhs.uk,Female,3.20.229.58
3014,Dacie,Lainton,dlaintonpd@ucla.edu,Female,171.117.14.121
3015,Lucio,Twigge,ltwiggepe@nydailynews.com,Male,25.185.25.23
3016,Lela,Shelmardine,lshelmardinepf@harvard.edu,Female,204.125.179.191
3017,Pincus,Gaynes,pgaynespg@netvibes.com,Male,166.221.188.113
3018,Gardener,Luggar,gluggarph@indiatimes.com,Male,250.149.70.3
3019,Hardy,Lesurf,hlesurfpi@nytimes.com,Genderfluid,183.11.100.214
3020,Malanie,Leidecker,mleideckerpj@hostgator.com,Female,197.131.149.77
3021,Garey,Stanhope,gstanhopepk@samsung.com,Male,193.66.40.11
3022,Finn,Joerning,fjoerningpl@usnews.com,Male,213.149.191.83
3023,Orrin,Le Pruvost,olepruvostpm@youku.com,Male,129.254.168.237
3024,Kort,Gatward,kgatwardpn@squidoo.com,Male,139.251.69.76
3025,Ashby,Gann,agannpo@si.edu,Male,12.72.119.61
3026,Kinnie,Calafate,kcalafatepp@cornell.edu,Male,36.223.251.253
3027,Madel,Tampion,mtampionpq@gravatar.com,Female,63.213.186.253
3028,Pippy,Eldritt,peldrittpr@nymag.com,Female,254.129.154.184
3029,Jud,Younger,jyoungerps@sitemeter.com,Male,144.232.202.89
3030,Jonas,Barnwell,jbarnwellpt@odnoklassniki.ru,Male,98.196.135.155
3031,Lynnell,Harbinson,lharbinsonpu@gravatar.com,Female,163.188.69.4
3032,Felicio,Kelcher,fkelcherpv@blinklist.com,Male,10.140.126.255
3033,Ricoriki,Garrals,rgarralspw@hubpages.com,Male,238.113.201.206
3034,Jennine,Mantha,jmanthapx@csmonitor.com,Female,230.90.146.124
3035,Phineas,Oehm,poehmpy@youku.com,Male,160.136.124.19
3036,Florella,Howton,fhowtonpz@google.com,Female,55.74.174.155
3037,Monte,Glavis,mglavisq0@live.com,Male,141.118.255.173
3038,Nari,Senter,nsenterq1@businessweek.com,Female,83.161.219.181
3039,Gustie,Meakin,gmeakinq2@columbia.edu,Female,95.203.128.34
3040,Kayla,Coudray,kcoudrayq3@nih.gov,Female,83.167.235.52
3041,Ewart,Jeger,ejegerq4@yahoo.co.jp,Male,108.4.170.68
3042,Tomi,Armstead,tarmsteadq5@rediff.com,Female,47.125.121.124
3043,Katharina,Bewshea,kbewsheaq6@scientificamerican.com,Female,149.176.250.102
3044,Seamus,Medina,smedinaq7@fastcompany.com,Male,213.106.162.126
3045,Elsinore,Scaife,escaifeq8@howstuffworks.com,Female,139.238.57.191
3046,Levy,Dowd,ldowdq9@ebay.co.uk,Male,17.229.156.147
3047,Carolina,Boni,cboniqa@sphinn.com,Female,43.73.168.98
3048,Latashia,Slack,lslackqb@bloglines.com,Female,20.56.79.223
3049,Chickie,Eyton,ceytonqc@oaic.gov.au,Male,211.206.94.108
3050,Meryl,Tesoe,mtesoeqd@sina.com.cn,Male,180.221.155.88
3051,Christen,Bedboro,cbedboroqe@ovh.net,Female,56.37.87.239
3052,Celinka,Sciusscietto,csciussciettoqf@wikispaces.com,Female,3.230.59.9
3053,Chrisy,Cluitt,ccluittqg@dagondesign.com,Male,229.208.247.100
3054,Fonz,Lemarie,flemarieqh@mediafire.com,Male,40.90.16.148
3055,Isis,Bortolussi,ibortolussiqi@phpbb.com,Female,151.217.180.9
3056,Mickie,Mellings,mmellingsqj@yellowpages.com,Female,252.147.255.27
3057,Jourdain,Ricca,jriccaqk@umich.edu,Genderqueer,106.221.47.253
3058,Pattin,Duchan,pduchanql@cdbaby.com,Male,79.127.5.175
3059,Hurlee,Mynard,hmynardqm@devhub.com,Male,98.8.114.225
3060,Gardy,Delleschi,gdelleschiqn@europa.eu,Genderqueer,82.1.105.168
3061,Yanaton,Furphy,yfurphyqo@abc.net.au,Male,40.246.17.227
3062,Rubina,Tomasino,rtomasinoqp@hugedomains.com,Non-binary,117.144.117.15
3063,Sutherland,Baggally,sbaggallyqq@shinystat.com,Male,235.155.53.3
3064,Harwilll,Guilayn,hguilaynqr@live.com,Male,49.9.213.242
3065,Gerty,Piatek,gpiatekqs@angelfire.com,Female,114.193.94.42
3066,Freddi,Batchellor,fbatchellorqt@furl.net,Genderqueer,247.99.128.42
3067,Beale,Onele,bonelequ@storify.com,Male,84.45.190.126
3068,Lanna,Streight,lstreightqv@unesco.org,Female,82.214.85.191
3069,Nellie,Huton,nhutonqw@webeden.co.uk,Female,78.70.230.134
3070,Brewer,Frickey,bfrickeyqx@bbc.co.uk,Male,249.87.123.53
3071,Aleta,Fisk,afiskqy@irs.gov,Female,131.106.84.172
3072,Lian,Scarlon,lscarlonqz@angelfire.com,Female,212.53.59.95
3073,Flossi,Whitewood,fwhitewoodr0@devhub.com,Female,72.76.68.133
3074,Ericha,Klessmann,eklessmannr1@weather.com,Agender,79.17.212.131
3075,Lem,Coulman,lcoulmanr2@google.de,Male,58.64.163.159
3076,Nanci,Vasentsov,nvasentsovr3@usgs.gov,Female,47.86.50.7
3077,Nolana,Whistance,nwhistancer4@home.pl,Female,169.177.187.231
3078,Beilul,Weston,bwestonr5@answers.com,Agender,182.49.65.91
3079,Rube,Lyford,rlyfordr6@springer.com,Male,193.188.231.75
3080,Mildred,Eymor,meymorr7@umich.edu,Female,124.67.44.57
3081,Ivonne,Thebes,ithebesr8@china.com.cn,Female,147.225.158.234
3082,Maxim,Harcus,mharcusr9@pcworld.com,Male,183.59.51.29
3083,Ivonne,Beever,ibeeverra@tmall.com,Female,86.204.128.255
3084,Mandy,Kennicott,mkennicottrb@telegraph.co.uk,Bigender,121.216.30.135
3085,Dolorita,Ready,dreadyrc@bandcamp.com,Female,174.102.19.241
3086,Jessalyn,Drillingcourt,jdrillingcourtrd@hibu.com,Female,47.230.161.93
3087,Alena,Jori,ajorire@fema.gov,Female,177.120.89.144
3088,Tamra,Jantzen,tjantzenrf@who.int,Female,243.120.195.38
3089,Sherri,Clymo,sclymorg@dion.ne.jp,Female,99.147.188.74
3090,Isabelita,Partrick,ipartrickrh@google.pl,Female,229.176.133.59
3091,Townsend,Linkie,tlinkieri@umn.edu,Male,203.134.205.169
3092,Adams,Jeannot,ajeannotrj@mlb.com,Male,67.3.145.183
3093,Clem,Leete,cleeterk@webeden.co.uk,Male,62.190.17.168
3094,Vivienne,Klausewitz,vklausewitzrl@mozilla.org,Female,141.102.169.62
3095,Ranique,Durham,rdurhamrm@wsj.com,Genderqueer,198.108.17.2
3096,Iorgos,Peyto,ipeytorn@booking.com,Male,155.88.18.163
3097,Stefanie,Marryatt,smarryattro@g.co,Female,90.225.210.107
3098,Davie,Burwin,dburwinrp@redcross.org,Male,95.66.12.12
3099,Almira,Verrall,averrallrq@marketwatch.com,Bigender,32.180.191.179
3100,Demetris,Latan,dlatanrr@netscape.com,Female,168.140.127.216
