id,first_name,last_name,email,gender,ip_address
101,Kettie,Haslen,khaslen0@163.com,Female,30.150.219.235
102,Umeko,Gilpillan,ugilpillan1@friendfeed.com,Female,32.165.228.31
103,Gloriane,Voff,gvoff2@state.gov,Female,220.117.160.165
104,Ruggiero,Soar,rsoar3@biglobe.ne.jp,Male,85.71.176.11
105,Rickie,Risdale,rrisdale4@ucoz.ru,Bigender,138.199.15.173
106,Gizela,Kempstone,gkempstone5@livejournal.com,Female,15.47.173.61
107,Marget,Trump,mtrump6@nba.com,Female,250.201.31.241
108,Rob,Vosse,rvosse7@51.la,Male,128.77.209.122
109,Darb,McLeary,dmcleary8@macromedia.com,Male,204.65.104.124
110,Coralyn,Boykett,cboykett9@netvibes.com,Female,200.9.134.124
111,Jorry,Garaway,jgarawaya@bravesites.com,Female,14.212.99.131
112,Ruttger,Whatling,rwhatlingb@sina.com.cn,Male,11.138.247.11
113,Drusi,Josiah,djosiahc@prweb.com,Female,34.184.45.114
114,Natalee,Ezzle,nezzled@businessinsider.com,Female,126.33.232.194
115,Kessiah,Conechie,kconechiee@springer.com,Polygender,198.75.66.43
116,Tiena,Van den Broek,tvandenbroekf@google.com.hk,Female,145.88.8.113
117,Kellyann,Fackney,kfackneyg@sina.com.cn,Female,56.111.124.255
118,Anni,Ghelerdini,aghelerdinih@ftc.gov,Female,66.187.226.228
119,Rutger,O'Ruane,roruanei@google.ca,Male,124.2.140.164
120,Sarette,Stedell,sstedellj@fastcompany.com,Female,128.158.28.254
121,Janos,Szapiro,jszapirok@twitpic.com,Male,229.165.175.111
122,Jake,Mallinder,jmallinderl@about.com,Male,54.65.39.235
123,Cori,Langan,clanganm@springer.com,Male,249.107.203.11
124,Dougie,Banisch,dbanischn@themeforest.net,Male,220.171.183.13
125,Guillema,Pardue,gpardueo@salon.com,Polygender,197.246.67.108
126,Garvey,Haking,ghakingp@bloglines.com,Male,204.81.78.29
127,Arabel,Wigelsworth,awigelsworthq@360.cn,Female,159.128.103.19
128,Bernarr,Varden,bvardenr@booking.com,Male,36.241.65.115
129,Creight,Orteu,corteus@barnesandnoble.com,Male,162.40.253.207
130,Carol,Bayston,cbaystont@google.ca,Female,177.252.61.219
131,Latrena,Diver,ldiveru@usnews.com,Female,129.55.75.210
132,Evy,MacIlriach,emacilriachv@ft.com,Female,154.175.247.16
133,Carson,Brader,cbraderw@discuz.net,Male,250.187.247.215
134,Yancey,Jacquemard,yjacquemardx@alibaba.com,Male,137.159.28.47
135,Lockwood,Elvy,lelvyy@slashdot.org,Male,205.235.151.237
136,Jordain,Haughton,jhaughtonz@bigcartel.com,Female,198.87.22.21
137,Netti,Fairman,nfairman10@ed.gov,Female,114.172.43.133
138,Almeta,McIan,amcian11@google.fr,Female,9.157.53.247
139,Ketty,Tampion,ktampion12@psu.edu,Female,224.142.244.48
140,Jeanna,Fullbrook,jfullbrook13@mysql.com,Female,150.134.53.136
141,Miles,Basterfield,mbasterfield14@goo.ne.jp,Male,26.67.100.141
142,Ollie,Coaten,ocoaten15@imdb.com,Female,68.93.142.250
143,Merrill,Duffield,mduffield16@usatoday.com,Male,164.33.23.201
144,Carole,Wesson,cwesson17@github.io,Female,52.183.67.140
145,Lizette,Goldstone,lgoldstone18@xinhuanet.com,Female,244.178.222.0
146,Flo,Kalisz,fkalisz19@icio.us,Female,130.92.127.118
147,Magdalene,Iacobassi,miacobassi1a@dagondesign.com,Female,166.52.121.83
148,Egan,Rewcassell,erewcassell1b@aboutads.info,Male,149.242.72.240
149,Abra,Laverack,alaverack1c@webs.com,Female,175.142.185.103
150,Hillie,Tarbatt,htarbatt1d@nifty.com,Male,245.164.13.88
151,Pietrek,Leadstone,pleadstone1e@si.edu,Genderfluid,206.78.226.128
152,Waldo,Brinkman,wbrinkman1f@bbc.co.uk,Male,35.239.209.143
153,Bone,Hagyard,bhagyard1g@spiegel.de,Male,76.152.76.134
154,Ferne,Joannic,fjoannic1h@wordpress.org,Female,110.192.67.121
155,Winnah,Playfair,wplayfair1i@example.com,Female,162.12.184.179
156,Jennifer,Rosenauer,jrosenauer1j@oakley.com,Female,51.249.138.14
157,Rowena,Kubasiewicz,rkubasiewicz1k@walmart.com,Female,2.6.108.220
158,Trudey,Spurdens,tspurdens1l@google.ca,Female,212.230.115.183
159,Kath,Pendell,kpendell1m@goodreads.com,Female,199.58.197.56
160,Norby,Gregolin,ngregolin1n@prnewswire.com,Male,129.105.47.252
161,Dimitri,Capun,dcapun1o@nsw.gov.au,Male,1.47.34.169
162,Alasteir,Pinilla,apinilla1p@shop-pro.jp,Male,146.154.42.150
163,Sibel,Scohier,sscohier1q@jalbum.net,Female,167.123.119.105
164,Davie,Scandrick,dscandrick1r@ihg.com,Male,170.34.134.231
165,Van,Futcher,vfutcher1s@eventbrite.com,Male,14.68.170.32
166,Astrix,Vargas,avargas1t@apple.com,Female,28.89.20.2
167,Bertrand,Golledge,bgolledge1u@yandex.ru,Male,231.149.187.165
168,Samaria,Matt,smatt1v@1688.com,Female,237.253.198.94
169,Cammy,Wetton,cwetton1w@usda.gov,Male,86.121.133.253
170,Lorain,Nevet,lnevet1x@g.co,Female,5.0.232.105
171,Pavlov,Spurge,pspurge1y@biglobe.ne.jp,Male,117.251.18.74
172,Shanda,Obray,sobray1z@pen.io,Female,223.111.92.2
173,Alice,Swinburn,aswinburn20@taobao.com,Agender,223.242.143.207
174,Briana,Diviney,bdiviney21@prlog.org,Female,48.139.33.224
175,Hewe,Sarsfield,hsarsfield22@amazon.de,Male,234.237.152.178
176,Lynnet,Guidotti,lguidotti23@jalbum.net,Female,236.244.224.8
177,Rozele,Chevalier,rchevalier24@bloglines.com,Female,152.194.34.14
178,Trev,Matthensen,tmatthensen25@indiatimes.com,Male,52.209.166.121
179,Monty,Lippett,mlippett26@posterous.com,Male,231.224.158.29
180,Wittie,Ginnety,wginnety27@blogspot.com,Male,183.144.170.195
181,Pete,Polo,ppolo28@macromedia.com,Male,195.145.27.215
182,Vasilis,Hallibone,vhallibone29@techcrunch.com,Male,52.152.158.149
183,Byrle,Pelchat,bpelchat2a@umich.edu,Male,143.14.174.134
184,Milena,Danton,mdanton2b@seattletimes.com,Non-binary,237.186.158.9
185,Estrella,Pitkin,epitkin2c@deviantart.com,Female,10.72.17.90
186,Charla,Goudy,cgoudy2d@delicious.com,Female,16.230.64.234
187,Carline,Parcells,cparcells2e@prnewswire.com,Female,107.56.2.88
188,Meredithe,Murricanes,mmurricanes2f@51.la,Female,96.144.167.96
189,Norbert,Haycox,nhaycox2g@a8.net,Male,154.95.110.157
190,Raoul,Reyner,rreyner2h@reverbnation.com,Male,211.66.200.129
191,Erhart,Tetla,etetla2i@aol.com,Male,61.152.126.181
192,Wilfrid,Westmorland,wwestmorland2j@meetup.com,Male,125.92.209.194
193,Chantalle,Mum,cmum2k@ifeng.com,Female,243.149.65.249
194,Baxy,Szwandt,bszwandt2l@sakura.ne.jp,Male,200.235.109.93
195,Lombard,Piborn,lpiborn2m@123-reg.co.uk,Male,163.176.35.149
196,Cammy,Plewes,cplewes2n@nasa.gov,Genderqueer,51.76.131.45
197,Rebeca,Bricksey,rbricksey2o@tinyurl.com,Female,78.212.148.119
198,Lulita,Cassimer,lcassimer2p@bizjournals.com,Genderqueer,213.131.125.90
199,Fairleigh,Tison,ftison2q@multiply.com,Male,124.129.15.43
200,Brigg,Fidele,bfidele2r@simplemachines.org,Male,162.235.250.3
201,Tracie,Brownsworth,tbrownsworth2s@rakuten.co.jp,Male,177.32.204.204
202,Gillan,Waple,gwaple2t@storify.com,Female,54.27.43.221
203,Mayer,Prestland,mprestland2u@slate.com,Male,72.185.171.235
204,Zebulen,Columbell,zcolumbell2v@drupal.org,Male,15.231.157.52
205,Cob,Bastick,cbastick2w@wsj.com,Non-binary,1.98.81.46
206,Ada,Dallicott,adallicott2x@tiny.cc,Female,198.169.166.197
207,Archer,Gave,agave2y@home.pl,Male,124.57.37.119
208,Mufi,Corstorphine,mcorstorphine2z@bizjournals.com,Polygender,146.188.17.229
209,Otis,Gherardini,ogherardini30@businesswire.com,Genderqueer,9.152.190.105
210,Rosetta,Haining,rhaining31@skype.com,Female,59.85.95.79
211,Bev,Charge,bcharge32@utexas.edu,Female,191.137.100.235
212,Conan,Verriour,cverriour33@patch.com,Male,136.61.139.133
213,Marcus,Reynolds,mreynolds34@dmoz.org,Male,105.34.19.252
214,Zara,Abley,zabley35@imgur.com,Female,193.54.130.13
215,Gerry,Trencher,gtrencher36@ebay.com,Female,133.219.201.92
216,Ian,Roddell,iroddell37@pen.io,Male,27.99.157.143
217,Tiffany,Dumbell,tdumbell38@seattletimes.com,Female,6.160.41.165
218,Robin,Tolliday,rtolliday39@wufoo.com,Male,208.200.27.43
219,Janine,Elcoat,jelcoat3a@globo.com,Female,244.55.162.36
220,Welch,Purselowe,wpurselowe3b@google.co.jp,Male,100.147.60.165
221,Arther,Titta,atitta3c@nih.gov,Male,231.158.238.47
222,Pedro,Myrie,pmyrie3d@chicagotribune.com,Male,202.146.90.145
223,Marissa,Fley,mfley3e@cnn.com,Polygender,172.147.192.182
224,Lynelle,Fosse,lfosse3f@dedecms.com,Female,191.146.179.253
225,Thurston,Philott,tphilott3g@vk.com,Male,110.216.2.5
226,Karina,Agett,kagett3h@mayoclinic.com,Female,170.50.114.124
227,Marleen,De Stoop,mdestoop3i@cocolog-nifty.com,Female,252.171.244.128
228,Iris,Foucard,ifoucard3j@alexa.com,Female,64.38.80.204
229,Chevy,Mattedi,cmattedi3k@unblog.fr,Male,172.170.214.177
230,Catarina,Whitloe,cwhitloe3l@usda.gov,Female,203.28.90.181
231,Christian,Winspire,cwinspire3m@creativecommons.org,Bigender,54.196.241.134
232,Florella,Arpur,farpur3n@google.co.uk,Female,18.2.149.23
233,Horacio,Maydway,hmaydway3o@cbsnews.com,Male,196.180.29.162
234,Joana,Wapplington,jwapplington3p@virginia.edu,Female,45.18.162.95
235,Kenny,Feak,kfeak3q@usnews.com,Male,19.199.186.7
236,Cornelius,Wickey,cwickey3r@hc360.com,Male,25.248.94.64
237,Brooke,Allenson,ballenson3s@marriott.com,Female,244.53.32.111
238,Theodore,Gawkroge,tgawkroge3t@deviantart.com,Male,221.8.160.162
239,Fritz,Lavies,flavies3u@mapy.cz,Male,188.128.159.192
240,Geoffry,Payne,gpayne3v@youku.com,Male,110.192.168.165
241,Brandise,Parfett,bparfett3w@mediafire.com,Female,76.60.166.15
242,Ahmad,Vezey,avezey3x@state.gov,Male,52.139.159.96
243,Viki,Barnewelle,vbarnewelle3y@arizona.edu,Female,240.7.19.41
244,Georges,Penny,gpenny3z@oracle.com,Male,154.147.227.54
245,Ashbey,Niland,aniland40@vistaprint.com,Male,48.117.247.32
246,Luce,Alcott,lalcott41@shutterfly.com,Male,234.2.207.78
247,Nedi,Blinder,nblinder42@usatoday.com,Female,111.55.94.203
248,Eba,Hoffman,ehoffman43@deliciousdays.com,Female,167.92.48.129
249,Tanner,Steggles,tsteggles44@skype.com,Male,155.26.38.206
250,Donalt,Spuffard,dspuffard45@qq.com,Male,137.94.232.101
251,Olivie,Bewly,obewly46@taobao.com,Female,201.99.127.144
252,Jarrad,Diplock,jdiplock47@dmoz.org,Male,131.198.217.159
253,Gardner,Origin,gorigin48@seattletimes.com,Male,186.169.209.194
254,Sully,Taile,staile49@google.it,Genderqueer,137.85.255.191
255,Hinze,Beetles,hbeetles4a@mediafire.com,Male,100.56.40.226
256,Umberto,Millyard,umillyard4b@wikimedia.org,Male,108.65.66.53
257,Wenona,Cisneros,wcisneros4c@huffingtonpost.com,Female,67.149.198.100
258,Josy,Castagnasso,jcastagnasso4d@ehow.com,Female,126.22.166.5
259,Nerissa,Immer,nimmer4e@scientificamerican.com,Female,240.238.14.92
260,Fey,Kipling,fkipling4f@hp.com,Female,254.231.168.65
261,Winona,Halcro,whalcro4g@csmonitor.com,Female,240.104.226.95
262,Blair,Tutchell,btutchell4h@yale.edu,Female,93.193.71.47
263,Gabbie,Crosscombe,gcrosscombe4i@4shared.com,Female,151.89.238.113
264,Eadith,Mowsdill,emowsdill4j@last.fm,Female,107.56.242.223
265,Paolo,Ellice,pellice4k@globo.com,Male,102.47.133.33
266,Israel,Detloff,idetloff4l@microsoft.com,Male,84.226.88.46
267,Findley,Kilgallen,fkilgallen4m@yellowbook.com,Male,102.29.56.123
268,Alysa,MacShane,amacshane4n@surveymonkey.com,Female,153.20.91.244
269,Suellen,Downie,sdownie4o@furl.net,Bigender,91.32.119.1
270,Lenka,Kingcote,lkingcote4p@mashable.com,Female,233.1.240.175
271,Sidonnie,Lendon,slendon4q@barnesandnoble.com,Female,200.143.156.29
272,Noah,Janouch,njanouch4r@jalbum.net,Male,87.16.191.190
273,Irwinn,Barnby,ibarnby4s@telegraph.co.uk,Male,15.169.251.32
274,Dorette,Easman,deasman4t@ucla.edu,Female,234.95.208.181
275,Robinet,Cunniam,rcunniam4u@instagram.com,Agender,238.182.103.213
276,Rhoda,Theaker,rtheaker4v@macromedia.com,Female,100.102.208.249
277,Maude,Brady,mbrady4w@cdbaby.com,Female,34.23.138.60
278,Verge,Fahrenbach,vfahrenbach4x@dagondesign.com,Male,3.160.66.242
279,Letta,Hustings,lhustings4y@census.gov,Female,51.2.170.2
280,Cherlyn,Cherrington,ccherrington4z@microsoft.com,Female,235.238.99.225
281,Lucina,Schuricke,lschuricke50@csmonitor.com,Female,214.106.170.57
282,Kile,Poulney,kpoulney51@wufoo.com,Male,207.159.97.0
283,Hedwiga,Glashby,hglashby52@blog.com,Female,176.50.127.133
284,Gradey,O'Roan,goroan53@acquirethisname.com,Male,132.234.24.242
285,Calhoun,Chopin,cchopin54@virginia.edu,Male,169.141.243.233
286,Yance,Lawtie,ylawtie55@mayoclinic.com,Male,148.117.66.42
287,Zach,Klasing,zklasing56@uiuc.edu,Male,113.117.130.186
288,Hobie,Muffitt,hmuffitt57@amazon.co.uk,Male,253.154.0.118
289,Gisella,Warnes,gwarnes58@topsy.com,Female,20.162.37.114
290,Vinni,Furman,vfurman59@noaa.gov,Genderfluid,133.113.29.193
291,Doe,Vogel,dvogel5a@nhs.uk,Female,160.53.24.133
292,Isadore,Bohl,ibohl5b@weibo.com,Male,154.147.136.53
293,Tiena,Coll,tcoll5c@twitter.com,Female,170.92.22.117
294,Rosabella,Andryszczak,randryszczak5d@washingtonpost.com,Non-binary,82.106.67.80
295,Marie-ann,Lapworth,mlapworth5e@cnn.com,Female,22.221.220.231
296,Michaella,Herley,mherley5f@exblog.jp,Female,83.0.25.254
297,Evelina,Enser,eenser5g@addthis.com,Female,233.130.14.228
298,Jone,Bugdell,jbugdell5h@1688.com,Male,66.74.200.1
299,Marcy,Romaines,mromaines5i@utexas.edu,Non-binary,71.166.255.51
300,Zabrina,Trengrove,ztrengrove5j@sogou.com,Female,248.255.72.187
301,Margareta,Rennie,mrennie5k@comsenz.com,Female,99.122.226.237
302,Alvin,Toler,atoler5l@umich.edu,Male,54.63.134.127
303,Kelcie,Royste,kroyste5m@quantcast.com,Female,234.151.44.143
304,Teddy,Detheridge,tdetheridge5n@slate.com,Bigender,82.107.98.194
305,Brandyn,Bryning,bbryning5o@stumbleupon.com,Male,157.143.180.47
306,Walliw,Gayton,wgayton5p@msu.edu,Female,13.161.74.71
307,Carmencita,Nesby,cnesby5q@chron.com,Female,60.119.138.228
308,Darell,Perigoe,dperigoe5r@yahoo.com,Female,5.49.73.197
309,Petronella,ffrench Beytagh,pffrenchbeytagh5s@spotify.com,Female,21.240.102.236
310,Ariela,Lamort,alamort5t@stanford.edu,Female,85.211.163.135
311,Nicolis,Morey,nmorey5u@hhs.gov,Male,94.112.201.190
312,Miof mela,Durek,mdurek5v@msu.edu,Female,91.93.175.151
313,Evin,Margerrison,emargerrison5w@ask.com,Male,232.177.215.16
314,Karole,Garie,kgarie5x@ted.com,Female,193.198.84.175
315,Emmalyn,O'Hengerty,eohengerty5y@artisteer.com,Female,154.192.4.253
316,Dorothea,MacIntyre,dmacintyre5z@marriott.com,Non-binary,170.97.149.156
317,Audie,Dutch,adutch60@lycos.com,Female,118.194.182.182
318,Mercie,Dod,mdod61@bigcartel.com,Female,82.37.97.72
319,Aindrea,Tibbotts,atibbotts62@who.int,Female,235.219.201.18
320,Tuck,Jozef,tjozef63@eventbrite.com,Male,236.76.45.242
321,Hayley,Gash,hgash64@issuu.com,Female,212.101.197.1
322,Kass,Estabrook,kestabrook65@pagesperso-orange.fr,Female,182.51.41.134
323,Edouard,Hawkings,ehawkings66@google.ru,Male,82.131.134.111
324,Binni,Bygate,bbygate67@hatena.ne.jp,Female,157.180.52.218
325,Kin,Deboo,kdeboo68@spotify.com,Male,118.33.59.192
326,Conant,Brend,cbrend69@fc2.com,Male,113.131.76.116
327,Collette,Hurle,churle6a@360.cn,Female,234.152.132.53
328,Reynolds,Ivantyev,rivantyev6b@imageshack.us,Male,183.175.73.252
329,Alain,Stollenbeck,astollenbeck6c@blog.com,Male,196.117.47.152
330,Cecilla,Bukac,cbukac6d@nationalgeographic.com,Female,8.33.95.104
331,Karie,Hunnicutt,khunnicutt6e@smugmug.com,Female,104.238.246.196
332,Farris,Duxfield,fduxfield6f@state.gov,Male,62.74.105.193
333,Vassily,Rosier,vrosier6g@answers.com,Male,112.190.193.14
334,Ancell,Brindle,abrindle6h@who.int,Male,93.41.170.58
335,Leona,Nealey,lnealey6i@msu.edu,Female,12.113.209.64
336,Sharron,Cranna,scranna6j@who.int,Female,240.110.131.221
337,Brody,Elsmor,belsmor6k@tripod.com,Male,121.38.88.201
338,Gideon,Royden,groyden6l@themeforest.net,Male,170.117.160.168
339,Christal,Bentote,cbentote6m@1und1.de,Female,223.119.28.11
340,Vanessa,Taylder,vtaylder6n@opera.com,Genderfluid,16.66.142.35
341,Rorie,Chatelain,rchatelain6o@senate.gov,Polygender,9.198.108.115
342,Luelle,Pickburn,lpickburn6p@dot.gov,Female,233.60.127.1
343,Bettye,Knibley,bknibley6q@cloudflare.com,Female,65.133.26.105
344,Ailina,Livoir,alivoir6r@so-net.ne.jp,Female,63.71.97.181
345,Amelia,Elmer,aelmer6s@archive.org,Female,165.208.181.29
346,Dennie,Adao,dadao6t@uol.com.br,Male,38.245.119.252
347,Amby,Criple,acriple6u@wired.com,Male,205.249.165.138
348,Henry,Slafford,hslafford6v@baidu.com,Male,56.204.199.192
349,Niven,Kelway,nkelway6w@uiuc.edu,Male,251.125.219.180
350,Clark,Hitcham,chitcham6x@delicious.com,Male,194.216.249.168
351,Bernard,McCaughran,bmccaughran6y@archive.org,Male,195.249.8.178
352,Christel,Makepeace,cmakepeace6z@bbc.co.uk,Agender,188.15.202.211
353,Bennett,Gilliland,bgilliland70@google.it,Male,77.134.149.241
354,Sanson,Suttie,ssuttie71@foxnews.com,Male,72.67.42.102
355,Kristian,Minton,kminton72@washington.edu,Male,7.26.118.54
356,Judi,McElhinney,jmcelhinney73@archive.org,Female,74.55.185.65
357,Gilly,Leggin,gleggin74@howstuffworks.com,Female,177.119.86.224
358,Alessandra,Sowden,asowden75@acquirethisname.com,Female,57.188.13.98
359,Merissa,Ropkins,mropkins76@ask.com,Female,119.77.228.33
360,Vin,Coslitt,vcoslitt77@foxnews.com,Female,246.83.234.168
361,Mandy,Rontsch,mrontsch78@chron.com,Female,170.248.16.61
362,Marv,Stobie,mstobie79@drupal.org,Male,134.41.198.65
363,Abbey,Gowing,agowing7a@hostgator.com,Male,24.133.126.135
364,Willie,Barrowclough,wbarrowclough7b@surveymonkey.com,Male,59.204.56.122
365,Erek,Raitt,eraitt7c@sina.com.cn,Male,147.223.247.214
366,Berny,Taffarello,btaffarello7d@google.it,Female,199.155.137.120
367,Florence,Kneeland,fkneeland7e@ask.com,Female,251.251.239.229
368,Wilhelmine,McGall,wmcgall7f@columbia.edu,Female,179.95.137.12
369,Horten,Blacksell,hblacksell7g@pinterest.com,Male,228.30.225.210
370,Katey,Boorne,kboorne7h@dailymail.co.uk,Female,57.196.5.204
371,Clemens,Gradwell,cgradwell7i@studiopress.com,Male,119.53.73.165
372,Mayer,Parslow,mparslow7j@umich.edu,Male,175.139.19.166
373,Debbi,Waldock,dwaldock7k@eepurl.com,Female,165.244.43.131
374,Sibby,Cardenosa,scardenosa7l@ehow.com,Female,31.199.92.212
375,Brennen,Stelli,bstelli7m@google.it,Male,28.197.226.187
376,Nevile,Parham,nparham7n@imdb.com,Male,9.180.120.204
377,Alford,Commings,acommings7o@g.co,Male,131.59.120.156
378,Caryn,Degue,cdegue7p@blogs.com,Female,31.242.89.45
379,Zebulon,Pryde,zpryde7q@parallels.com,Male,117.181.8.141
380,Wilburt,Wayon,wwayon7r@house.gov,Bigender,232.5.249.226
381,Lilah,Carswell,lcarswell7s@blogtalkradio.com,Female,145.160.187.242
382,Sharon,Muspratt,smuspratt7t@over-blog.com,Female,114.156.139.208
383,Melonie,Hanaby,mhanaby7u@amazon.co.uk,Female,90.235.25.123
384,Frederico,Woolaston,fwoolaston7v@weather.com,Male,251.144.11.100
385,Eydie,Swiffen,eswiffen7w@alexa.com,Female,219.129.190.166
386,Pernell,Benoist,pbenoist7x@utexas.edu,Male,91.193.63.75
387,Uriel,Sends,usends7y@dyndns.org,Male,159.209.236.21
388,Ariel,Wintringham,awintringham7z@shutterfly.com,Male,99.220.115.198
389,Hermann,Paulazzi,hpaulazzi80@timesonline.co.uk,Bigender,89.164.251.111
390,Nicolis,Buffery,nbuffery81@wix.com,Male,216.214.198.164
391,Felice,Hallbird,fhallbird82@tamu.edu,Male,86.205.154.136
392,Mirabelle,Comberbeach,mcomberbeach83@prnewswire.com,Female,121.191.22.114
393,Kevon,Sterre,ksterre84@mlb.com,Male,234.117.199.248
394,Kassey,Tremonte,ktremonte85@economist.com,Female,26.42.81.228
395,Anselm,Hannant,ahannant86@blogger.com,Male,38.34.139.180
396,Willabella,Puddefoot,wpuddefoot87@yellowbook.com,Female,177.32.18.14
397,Consuela,Pena,cpena88@biblegateway.com,Female,194.72.200.23
398,Ania,Yushmanov,ayushmanov89@foxnews.com,Female,161.150.198.64
399,Sibella,Yesenin,syesenin8a@sourceforge.net,Female,236.213.38.128
400,Waring,Sambell,wsambell8b@diigo.com,Male,19.36.227.112
401,Drake,Chevins,dchevins8c@ucla.edu,Male,168.100.27.83
402,Madelin,MacHostie,mmachostie8d@sbwire.com,Female,160.221.151.13
403,Filbert,Wann,fwann8e@photobucket.com,Male,195.51.243.248
404,Templeton,Kemmish,tkemmish8f@sogou.com,Male,189.2.121.94
405,Brannon,Widd,bwidd8g@baidu.com,Male,199.141.72.144
406,Portia,Pedycan,ppedycan8h@ask.com,Female,208.81.14.89
407,Tildy,Dablin,tdablin8i@dell.com,Female,3.94.154.88
408,Phillip,Farfolomeev,pfarfolomeev8j@sogou.com,Male,52.142.49.178
409,Levon,Fernehough,lfernehough8k@ask.com,Male,135.49.98.106
410,Avigdor,Ballinger,aballinger8l@earthlink.net,Male,174.210.48.153
411,Karylin,Redwin,kredwin8m@photobucket.com,Agender,11.93.233.1
412,Frances,Barkworth,fbarkworth8n@shinystat.com,Female,81.212.118.215
413,Diane,Yakubowicz,dyakubowicz8o@unblog.fr,Genderfluid,112.33.194.211
414,Evyn,Burtwistle,eburtwistle8p@chron.com,Male,99.180.6.81
415,Egor,Pimme,epimme8q@liveinternet.ru,Male,186.102.1.98
416,Malchy,Keddie,mkeddie8r@economist.com,Male,7.114.66.143
417,Freda,McMurrugh,fmcmurrugh8s@dyndns.org,Female,7.17.247.54
418,Shanda,Warnes,swarnes8t@go.com,Female,77.137.116.217
419,Mano,Kopfen,mkopfen8u@vinaora.com,Male,89.0.40.154
420,Spence,Gildroy,sgildroy8v@msu.edu,Male,200.28.45.204
421,Jenni,Couroy,jcouroy8w@google.co.jp,Female,125.132.204.43
422,Bronson,Dingivan,bdingivan8x@nbcnews.com,Male,204.40.200.219
423,Leonerd,Houtby,lhoutby8y@mac.com,Male,162.236.223.86
424,Jone,Bartolini,jbartolini8z@bing.com,Non-binary,23.164.34.231
425,Hughie,Culshaw,hculshaw90@msn.com,Male,250.135.223.28
426,Addy,MacAllester,amacallester91@princeton.edu,Male,140.99.213.55
427,Jess,Bellchamber,jbellchamber92@phoca.cz,Male,243.78.58.226
428,Callie,Painswick,cpainswick93@php.net,Female,54.230.234.126
429,Christiana,Brolechan,cbrolechan94@cornell.edu,Female,211.224.139.7
430,Prue,Faunt,pfaunt95@multiply.com,Polygender,166.196.57.201
431,Jo ann,Keeping,jkeeping96@nps.gov,Female,167.143.75.129
432,Bride,Shepley,bshepley97@alexa.com,Female,180.110.109.110
433,Mildred,Chater,mchater98@oaic.gov.au,Female,185.192.64.50
434,Astrid,Jursch,ajursch99@blogger.com,Female,11.118.53.157
435,Mersey,Pears,mpears9a@huffingtonpost.com,Female,157.145.103.250
436,Bonnee,Innman,binnman9b@tuttocitta.it,Female,206.158.23.48
437,Bevon,McQuaker,bmcquaker9c@free.fr,Male,128.179.123.154
438,Xena,Caslett,xcaslett9d@auda.org.au,Female,40.239.146.138
439,Shara,Gosden,sgosden9e@hubpages.com,Female,205.247.56.246
440,Sollie,Howie,showie9f@blogger.com,Male,86.156.83.68
441,Lin,Gilluley,lgilluley9g@mysql.com,Female,107.185.47.163
442,Lyssa,Hankin,lhankin9h@dedecms.com,Female,68.124.214.181
443,Roxine,Barclay,rbarclay9i@unc.edu,Female,131.68.162.225
444,Quillan,Cottrill,qcottrill9j@nyu.edu,Male,245.134.72.114
445,Timothy,Suermeiers,tsuermeiers9k@infoseek.co.jp,Male,4.11.64.167
446,Lindsey,Ben,lben9l@soundcloud.com,Female,161.208.109.228
447,Oates,Fass,ofass9m@elegantthemes.com,Male,154.139.181.230
448,Kim,Furnell,kfurnell9n@e-recht24.de,Female,241.92.132.117
449,Arman,Murrish,amurrish9o@arizona.edu,Male,216.124.56.204
450,Johnathan,Rapinett,jrapinett9p@salon.com,Male,176.172.74.12
451,Starla,Apedaile,sapedaile9q@taobao.com,Female,188.225.193.155
452,Thedric,Bradwell,tbradwell9r@netscape.com,Male,184.53.86.62
453,Alysa,Busek,abusek9s@issuu.com,Female,218.109.253.96
454,Coretta,Bleue,cbleue9t@technorati.com,Female,211.139.95.251
455,Micheline,Rollason,mrollason9u@census.gov,Female,170.42.102.215
456,Gwenni,Furtado,gfurtado9v@bizjournals.com,Female,85.4.221.64
457,Lenard,Shiril,lshiril9w@pen.io,Male,189.237.143.60
458,Arlana,Hendrick,ahendrick9x@baidu.com,Female,0.81.108.7
459,Yasmeen,Gurden,ygurden9y@tripod.com,Female,41.253.152.238
460,Basilio,Mayston,bmayston9z@time.com,Male,191.30.157.185
461,Neal,Latus,nlatusa0@census.gov,Male,37.139.2.164
462,Hyacinth,Ferrulli,hferrullia1@google.it,Agender,114.208.60.16
463,Melvin,Ledster,mledstera2@naver.com,Male,246.117.144.240
464,Bogey,Patty,bpattya3@friendfeed.com,Male,49.161.13.150
465,Carling,Brugden,cbrugdena4@phpbb.com,Male,54.199.81.28
466,Camile,Warland,cwarlanda5@addtoany.com,Female,70.165.79.135
467,Kirstyn,Dewitt,kdewitta6@canalblog.com,Female,160.197.6.9
468,Yetta,Brickhill,ybrickhilla7@quantcast.com,Female,207.1.53.119
469,Henriette,Palliser,hpallisera8@google.com,Female,58.191.63.183
470,Viviene,Van Oort,vvanoorta9@unblog.fr,Female,56.93.81.26
471,Christan,Beavis,cbeavisaa@cloudflare.com,Female,176.31.152.112
472,Hughie,Brahmer,hbrahmerab@constantcontact.com,Male,89.138.235.216
473,Glenn,Gillford,ggillfordac@hp.com,Female,254.201.166.236
474,Danielle,Ruggier,druggierad@networksolutions.com,Female,240.225.231.131
475,Stanwood,Paik,spaikae@latimes.com,Genderqueer,236.55.57.43
476,Winfred,Bramwell,wbramwellaf@elpais.com,Male,149.213.0.201
477,Dulsea,Kilmurray,dkilmurrayag@prnewswire.com,Female,230.86.182.88
478,Karole,Dunley,kdunleyah@exblog.jp,Female,2.145.197.250
479,Sibylle,Dahlman,sdahlmanai@earthlink.net,Female,102.129.113.14
480,Rochette,Nunson,rnunsonaj@msu.edu,Female,229.54.171.186
481,Britt,Sneyd,bsneydak@geocities.jp,Male,123.105.89.110
482,Paulo,Feragh,pferaghal@msu.edu,Male,14.145.210.24
483,Melodee,Boolsen,mboolsenam@cyberchimps.com,Female,238.192.101.56
484,Gottfried,Gerin,ggerinan@psu.edu,Male,213.194.175.128
485,Bidget,Josephov,bjosephovao@pen.io,Female,216.247.225.184
486,Kinny,Twitchett,ktwitchettap@spotify.com,Male,229.86.101.196
487,Hamel,Labone,hlaboneaq@oracle.com,Male,243.11.254.222
488,Karalee,Brumbye,kbrumbyear@nyu.edu,Female,222.129.247.22
489,Wenonah,MacNeill,wmacneillas@gizmodo.com,Female,186.64.6.71
490,Ruthanne,Philot,rphilotat@yellowbook.com,Non-binary,110.62.230.41
491,Celisse,Leverett,cleverettau@nifty.com,Female,111.95.151.77
492,Lani,Skiggs,lskiggsav@pen.io,Female,83.219.58.191
493,Jessie,Caukill,jcaukillaw@yale.edu,Genderqueer,1.135.133.166
494,Brittani,Rives,brivesax@engadget.com,Female,42.192.90.190
495,Hallsy,Muddicliffe,hmuddicliffeay@geocities.jp,Male,99.127.121.95
496,Murray,Paolotto,mpaolottoaz@ameblo.jp,Male,115.36.238.226
497,Dannel,Lobell,dlobellb0@soundcloud.com,Male,92.62.204.28
498,Towney,Franies,tfraniesb1@tripadvisor.com,Male,243.245.134.214
499,Chrisse,Atto,cattob2@stanford.edu,Male,172.206.181.190
500,Vanya,Andrzejak,vandrzejakb3@cisco.com,Male,70.35.60.148
501,Judd,Pettiward,jpettiwardb4@barnesandnoble.com,Male,217.243.239.117
502,Jess,Trower,jtrowerb5@wordpress.org,Female,60.118.12.47
503,Guinna,Maciak,gmaciakb6@icio.us,Female,130.162.76.56
504,Thedrick,Kipping,tkippingb7@mayoclinic.com,Male,203.83.88.17
505,Rafael,Menham,rmenhamb8@ihg.com,Male,253.4.112.11
506,Kati,Callicott,kcallicottb9@wikia.com,Female,86.128.141.128
507,Chrissie,Pechard,cpechardba@huffingtonpost.com,Male,49.145.90.44
508,Jenica,Camock,jcamockbb@discovery.com,Female,47.49.141.48
509,Raymond,Erdely,rerdelybc@sogou.com,Male,81.153.59.117
510,Annamaria,Kaas,akaasbd@google.ca,Female,205.145.154.195
511,Emiline,Alldis,ealldisbe@ox.ac.uk,Female,61.218.116.159
512,Ed,Wormstone,ewormstonebf@goo.gl,Male,123.110.205.25
513,Wilhelmina,Sigert,wsigertbg@biglobe.ne.jp,Female,128.113.227.209
514,Agustin,Abrahamowitcz,aabrahamowitczbh@histats.com,Male,82.81.53.66
515,Carlie,Tellenbrok,ctellenbrokbi@google.es,Male,44.10.184.173
516,Margarethe,Giorgio,mgiorgiobj@hatena.ne.jp,Female,38.120.210.230
517,Nicky,Calendar,ncalendarbk@ftc.gov,Male,126.59.140.153
518,Alyson,McNirlan,amcnirlanbl@odnoklassniki.ru,Female,88.253.136.159
519,Randall,Lyard,rlyardbm@aol.com,Male,178.228.154.135
520,Myrta,Ligertwood,mligertwoodbn@csmonitor.com,Female,25.12.171.99
521,Tomasine,Hartzogs,thartzogsbo@infoseek.co.jp,Female,140.246.77.193
522,Michell,Ibbison,mibbisonbp@thetimes.co.uk,Female,203.37.14.141
523,Myca,Oxteby,moxtebybq@fda.gov,Male,203.215.180.42
524,Eberhard,Skoughman,eskoughmanbr@netlog.com,Polygender,236.43.79.12
525,Schuyler,Vardy,svardybs@jalbum.net,Male,151.40.217.82
526,Sidoney,Somerled,ssomerledbt@plala.or.jp,Female,44.206.215.88
527,Gypsy,Hutchin,ghutchinbu@zimbio.com,Female,37.102.130.55
528,Colver,Hegden,chegdenbv@google.ru,Male,130.179.23.42
529,Kristina,Phillipson,kphillipsonbw@usnews.com,Female,241.13.108.41
530,Dionisio,Ridewood,dridewoodbx@soup.io,Male,130.53.0.233
531,Lothaire,Killock,lkillockby@theatlantic.com,Male,167.104.97.243
532,Hirsch,Novichenko,hnovichenkobz@alexa.com,Genderfluid,237.64.172.243
533,Trace,Pyett,tpyettc0@ted.com,Male,103.80.173.18
534,Elia,Brahan,ebrahanc1@cyberchimps.com,Male,85.187.233.139
535,John,Entissle,jentisslec2@ask.com,Genderfluid,169.174.171.177
536,Ruy,Anfosso,ranfossoc3@usnews.com,Male,101.186.172.43
537,Imogene,Semon,isemonc4@blinklist.com,Agender,233.142.241.225
538,Constancy,Seakings,cseakingsc5@wikia.com,Female,71.237.59.203
539,Leonerd,Iacovides,liacovidesc6@bravesites.com,Male,9.35.238.111
540,Jodie,Webberley,jwebberleyc7@latimes.com,Female,147.144.237.87
541,Wylie,Aujouanet,waujouanetc8@cam.ac.uk,Male,46.220.24.6
542,Cesar,Rawdall,crawdallc9@jigsy.com,Male,25.62.146.32
543,Freemon,Jiracek,fjiracekca@networkadvertising.org,Agender,193.250.248.248
544,Theobald,Heasman,theasmancb@domainmarket.com,Male,37.174.244.63
545,Salomone,Bouzek,sbouzekcc@salon.com,Non-binary,93.26.231.51
546,Loella,Alabastar,lalabastarcd@bloomberg.com,Female,51.180.227.193
547,Gunilla,Alcorn,galcornce@php.net,Female,96.37.145.6
548,Carolann,Woofenden,cwoofendencf@adobe.com,Female,44.48.208.26
549,Carie,Gibling,cgiblingcg@last.fm,Female,224.9.179.67
550,Gran,Hitzke,ghitzkech@vimeo.com,Male,102.66.79.145
551,Shanna,Brealey,sbrealeyci@ow.ly,Female,248.254.222.247
552,Esme,Gething,egethingcj@census.gov,Male,206.193.103.185
553,Andi,Langcaster,alangcasterck@ed.gov,Female,80.159.253.141
554,Tammie,Nilges,tnilgescl@reuters.com,Male,36.114.247.121
555,Kerianne,Middlehurst,kmiddlehurstcm@miibeian.gov.cn,Non-binary,201.125.177.58
556,Conan,Skyppe,cskyppecn@arizona.edu,Male,253.175.175.231
557,Siouxie,Zelake,szelakeco@networkadvertising.org,Female,213.65.116.248
558,Kristy,Gilks,kgilkscp@flavors.me,Female,59.248.34.118
559,Federico,Asker,faskercq@pbs.org,Male,109.20.25.213
560,Gabbie,Goddert.sf,ggoddertsfcr@mit.edu,Male,42.41.158.136
561,Sasha,Twallin,stwallincs@wisc.edu,Male,193.157.26.14
562,Benedetta,Losano,blosanoct@canalblog.com,Polygender,207.136.247.148
563,Marcus,Happer,mhappercu@livejournal.com,Male,218.230.236.247
564,Hillel,Blacket,hblacketcv@163.com,Male,225.24.202.150
565,Germayne,Blazic,gblaziccw@dagondesign.com,Male,177.232.139.58
566,Phillie,Johannes,pjohannescx@unc.edu,Female,233.235.0.155
567,Randall,Nardrup,rnardrupcy@washington.edu,Male,175.193.232.17
568,Fania,Hulke,fhulkecz@squidoo.com,Female,153.138.225.182
569,Rhody,Discombe,rdiscombed0@omniture.com,Genderfluid,68.235.134.186
570,Jolie,Harrop,jharropd1@weather.com,Female,198.174.94.254
571,Lazaro,Butrimovich,lbutrimovichd2@globo.com,Male,148.186.159.193
572,Linet,Edmott,ledmottd3@google.com,Female,2.144.85.28
573,Hilliard,Easton,heastond4@lycos.com,Male,108.175.175.198
574,Pauline,Kinnard,pkinnardd5@tripod.com,Female,151.209.198.170
575,Chrysa,Lamplough,clamploughd6@gmpg.org,Female,204.142.54.141
576,Evaleen,Oakenford,eoakenfordd7@vk.com,Female,96.233.251.6
577,Dreddy,Dochon,ddochond8@so-net.ne.jp,Genderfluid,72.247.211.190
578,Kelcie,Seekings,kseekingsd9@nih.gov,Bigender,64.219.88.128
579,Franky,Enocksson,fenockssonda@altervista.org,Male,103.230.119.210
580,Wilmer,Ducker,wduckerdb@feedburner.com,Male,162.231.131.10
581,Angeli,McKeag,amckeagdc@g.co,Agender,30.95.210.96
582,Brian,Flowers,bflowersdd@ehow.com,Male,221.65.56.242
583,Koenraad,Mularkey,kmularkeyde@blogger.com,Male,56.109.84.146
584,Guenevere,Gleed,ggleeddf@vk.com,Female,5.247.112.135
585,Roger,Van de Castele,rvandecasteledg@slideshare.net,Male,182.146.51.233
586,Bruno,Ros,brosdh@lycos.com,Male,39.30.7.61
587,Shandy,Ondrasek,sondrasekdi@vistaprint.com,Female,129.233.108.235
588,Randi,Stewart,rstewartdj@ebay.co.uk,Bigender,215.129.139.134
589,Donnie,McCreadie,dmccreadiedk@eepurl.com,Male,185.51.148.139
590,Berrie,Wewell,bwewelldl@prlog.org,Female,92.205.28.22
591,Collen,Baudinot,cbaudinotdm@walmart.com,Female,44.40.197.21
592,Edy,Karus,ekarusdn@purevolume.com,Female,62.128.178.160
593,Matthias,Flacknoe,mflacknoedo@squarespace.com,Male,138.57.182.146
594,Patricio,Lochead,plocheaddp@tamu.edu,Male,104.250.104.248
595,Sibelle,Longmire,slongmiredq@prweb.com,Female,17.7.217.160
596,Nichol,Linning,nlinningdr@irs.gov,Female,53.243.175.90
597,Inna,Walicki,iwalickids@independent.co.uk,Female,234.19.150.110
598,Hannis,Angrock,hangrockdt@icq.com,Female,203.4.108.238
599,Benedicto,McCoid,bmccoiddu@cam.ac.uk,Male,7.19.241.163
600,Gallard,Alejandro,galejandrodv@oakley.com,Male,106.42.170.136
601,Padriac,McNae,pmcnaedw@infoseek.co.jp,Male,36.128.247.20
602,Dirk,Bartleman,dbartlemandx@mozilla.org,Male,153.129.84.112
603,Selestina,Morpeth,smorpethdy@gov.uk,Female,210.105.189.140
604,Belvia,McKenzie,bmckenziedz@loc.gov,Female,1.236.107.161
605,Ronni,Orrum,rorrume0@51.la,Female,84.0.133.248
606,Bartel,Bell,bbelle1@microsoft.com,Male,71.129.106.195
607,Tabatha,Brickhill,tbrickhille2@state.gov,Female,134.134.19.112
608,Bertrando,Readman,breadmane3@businessweek.com,Male,164.50.106.245
609,Debby,Cowgill,dcowgille4@blogtalkradio.com,Female,233.131.166.56
610,Yardley,De la Yglesia,ydelayglesiae5@amazon.de,Male,108.41.153.159
611,Zarah,Pietruschka,zpietruschkae6@hatena.ne.jp,Female,254.202.167.191
612,Sandy,Dunnico,sdunnicoe7@phpbb.com,Male,92.103.206.201
613,Sena,Feaviour,sfeavioure8@wikispaces.com,Female,98.236.105.94
614,Cecilia,Ivimey,civimeye9@google.ca,Non-binary,138.119.159.49
615,Valerye,Woodfine,vwoodfineea@unc.edu,Female,4.245.109.176
616,Lilas,Schechter,lschechtereb@pcworld.com,Genderqueer,19.125.21.3
617,Marlowe,Delacourt,mdelacourtec@youtube.com,Male,180.123.108.77
618,Virge,Newborn,vnewborned@cdbaby.com,Male,216.237.223.244
619,Theresa,Agron,tagronee@independent.co.uk,Female,152.156.84.213
620,Tabbatha,Dunston,tdunstonef@msn.com,Female,220.205.9.9
621,Lita,Jackalin,ljackalineg@ucla.edu,Female,148.56.224.159
622,Elenore,Jenk,ejenkeh@symantec.com,Female,69.45.213.126
623,Benedicta,Cundict,bcundictei@xrea.com,Female,166.76.58.126
624,Katy,Seage,kseageej@booking.com,Polygender,18.197.73.150
625,Manfred,Scruby,mscrubyek@indiatimes.com,Male,244.51.168.237
626,Nicola,Garnham,ngarnhamel@comcast.net,Genderfluid,235.8.52.131
627,Dannie,Wrist,dwristem@opensource.org,Genderfluid,88.224.253.84
628,Roderick,Van de Velde,rvandeveldeen@bbb.org,Male,10.38.164.205
629,Juline,Romans,jromanseo@printfriendly.com,Female,56.215.182.118
630,Teriann,Stapells,tstapellsep@goo.gl,Female,123.171.118.154
631,Gertrude,Wardale,gwardaleeq@dion.ne.jp,Female,164.164.168.228
632,Wallache,Lord,wlorder@t.co,Male,183.1.112.246
633,Heloise,Jimenez,hjimenezes@harvard.edu,Female,115.186.157.30
634,Luella,Fourmy,lfourmyet@adobe.com,Female,152.72.10.165
635,Allissa,Roantree,aroantreeeu@csmonitor.com,Bigender,35.225.249.159
636,Hollis,Sharma,hsharmaev@pen.io,Agender,24.219.28.198
637,Charo,Calabry,ccalabryew@vistaprint.com,Female,174.24.19.54
638,Chev,Gregorace,cgregoraceex@netvibes.com,Male,45.124.15.1
639,Tobe,Parmenter,tparmenterey@feedburner.com,Male,198.132.136.31
640,Langsdon,Swarbrick,lswarbrickez@typepad.com,Male,198.170.253.168
641,Vickie,Mays,vmaysf0@rakuten.co.jp,Female,238.22.241.100
642,Faun,Benet,fbenetf1@themeforest.net,Female,94.102.64.82
643,Tiffanie,Letts,tlettsf2@1und1.de,Female,98.24.106.31
644,Aurlie,Albrooke,aalbrookef3@domainmarket.com,Female,250.36.213.14
645,Tove,Tortoise,ttortoisef4@taobao.com,Female,72.118.34.142
646,Ryan,Gudgeon,rgudgeonf5@wsj.com,Male,138.131.156.111
647,Eustace,Housen,ehousenf6@list-manage.com,Male,39.12.19.170
648,Georgeanna,Grim,ggrimf7@ft.com,Non-binary,188.61.84.107
649,Errol,Gurley,egurleyf8@vkontakte.ru,Male,25.215.159.50
650,Adina,Nell,anellf9@rakuten.co.jp,Female,119.168.49.153
651,Georgie,Matterson,gmattersonfa@earthlink.net,Male,209.101.173.55
652,Kamila,Carverhill,kcarverhillfb@spiegel.de,Female,59.31.140.171
653,Germain,Tunnock,gtunnockfc@t-online.de,Male,188.41.231.215
654,Erek,Brownsmith,ebrownsmithfd@nifty.com,Male,197.247.62.164
655,Elberta,L'oiseau,eloiseaufe@house.gov,Female,71.152.194.212
656,Pepe,Morfell,pmorfellff@cloudflare.com,Genderqueer,210.227.152.204
657,Brigitta,Paeckmeyer,bpaeckmeyerfg@symantec.com,Female,97.201.19.246
658,Buiron,Danielut,bdanielutfh@altervista.org,Male,157.182.216.136
659,Emmeline,Marcombe,emarcombefi@github.io,Female,165.22.89.162
660,Sherill,Pickerill,spickerillfj@myspace.com,Female,88.127.124.97
661,Hastie,Bowdidge,hbowdidgefk@comcast.net,Male,57.57.128.98
662,Goddart,Sheeres,gsheeresfl@merriam-webster.com,Bigender,57.7.108.55
663,Mariele,Such,msuchfm@abc.net.au,Female,50.46.245.227
664,Nicolas,Lowrey,nlowreyfn@geocities.jp,Male,119.21.62.27
665,Elene,Richardin,erichardinfo@omniture.com,Genderfluid,148.51.203.145
666,Biddie,Till,btillfp@google.pl,Female,50.148.100.199
667,Winston,Inett,winettfq@craigslist.org,Male,137.23.142.191
668,Astrid,Ridgedell,aridgedellfr@disqus.com,Female,244.48.255.191
669,Domeniga,Lesslie,dlessliefs@state.tx.us,Female,25.244.244.160
670,Valentino,Gullivan,vgullivanft@feedburner.com,Male,185.232.154.54
671,Jules,Orht,jorhtfu@topsy.com,Genderfluid,19.111.126.13
672,Starlin,Dorking,sdorkingfv@ustream.tv,Female,18.38.69.53
673,Jacki,Fidell,jfidellfw@house.gov,Bigender,173.62.195.59
674,Erek,Beceril,ebecerilfx@reverbnation.com,Male,139.198.207.159
675,Dulcine,Creavan,dcreavanfy@shareasale.com,Female,14.153.130.125
676,Archibold,Golborn,agolbornfz@unicef.org,Male,215.92.234.110
677,Frankie,Drife,fdrifeg0@elegantthemes.com,Female,211.60.202.114
678,Fredrick,Vitet,fvitetg1@wufoo.com,Male,235.216.187.66
679,Bernie,Siss,bsissg2@pbs.org,Female,110.122.132.83
680,Ingrim,Gantzman,igantzmang3@linkedin.com,Male,6.154.48.141
681,Simone,Halsall,shalsallg4@fastcompany.com,Female,91.127.146.180
682,Lewes,Geeves,lgeevesg5@cam.ac.uk,Male,134.161.213.38
683,Evelin,McDougald,emcdougaldg6@yelp.com,Male,24.68.62.37
684,Tamera,Itzig,titzigg7@behance.net,Female,81.71.92.241
685,Gus,Fyers,gfyersg8@dion.ne.jp,Female,51.64.240.139
686,Giordano,Faloon,gfaloong9@dagondesign.com,Male,10.41.87.34
687,Morie,Bracci,mbracciga@istockphoto.com,Male,91.18.162.103
688,Sinclare,Lockyear,slockyeargb@biblegateway.com,Male,192.235.198.174
689,Lew,Goodson,lgoodsongc@nasa.gov,Genderfluid,231.210.67.244
690,Allissa,Cork,acorkgd@auda.org.au,Female,214.161.172.25
691,Jasper,Ciotto,jciottoge@scientificamerican.com,Male,92.161.196.108
692,Saloma,Skeete,sskeetegf@nps.gov,Female,154.82.159.65
693,Iggy,Jeffreys,ijeffreysgg@hatena.ne.jp,Male,159.40.109.236
694,Jillane,McSherry,jmcsherrygh@merriam-webster.com,Female,93.212.10.179
695,Grange,Hasney,ghasneygi@un.org,Polygender,190.130.229.143
696,Cherice,Serjeant,cserjeantgj@about.me,Female,163.203.200.28
697,Sig,Loseby,slosebygk@list-manage.com,Male,67.19.194.19
698,Nanni,Wedmore,nwedmoregl@kickstarter.com,Female,131.191.194.235
699,Harv,Corkhill,hcorkhillgm@artisteer.com,Male,168.235.2.120
700,Belicia,Rapson,brapsongn@goodreads.com,Female,240.23.217.184
701,Ruperta,Maginn,rmaginngo@livejournal.com,Female,84.71.138.52
702,Archaimbaud,Garioch,agariochgp@ycombinator.com,Male,223.117.250.183
703,Maddalena,Starford,mstarfordgq@canalblog.com,Female,70.128.121.72
704,Rupert,Pryn,rpryngr@cdc.gov,Male,145.49.125.77
705,Kipp,Knappen,kknappengs@tiny.cc,Male,170.195.13.81
706,Milena,Goss,mgossgt@abc.net.au,Female,7.227.95.242
707,Emmit,Beany,ebeanygu@fc2.com,Male,174.104.102.50
708,Travus,Roome,troomegv@weebly.com,Male,216.122.221.234
709,Goldia,Stainburn,gstainburngw@cbslocal.com,Female,77.223.235.196
710,Rufus,Cherm,rchermgx@com.com,Male,154.41.221.58
711,Iggy,Benardet,ibenardetgy@google.com,Male,95.208.35.242
712,Lyndel,Velte,lveltegz@house.gov,Female,155.146.145.210
713,Annabal,Cuttles,acuttlesh0@wiley.com,Female,47.14.136.42
714,Pamelina,Rubinowicz,prubinowiczh1@hp.com,Genderfluid,174.41.113.129
715,Gianna,Meakes,gmeakesh2@addtoany.com,Female,72.102.176.59
716,Omero,Rispen,orispenh3@sbwire.com,Male,118.195.146.40
717,Marc,Goodwill,mgoodwillh4@java.com,Male,114.156.125.193
718,Nels,Dufour,ndufourh5@bloglines.com,Male,178.109.251.36
719,Rafferty,Kinsman,rkinsmanh6@theatlantic.com,Male,121.240.230.42
720,Aubrey,Kordovani,akordovanih7@canalblog.com,Female,58.253.120.190
721,Felecia,Elvey,felveyh8@nsw.gov.au,Female,111.18.208.196
722,Sabrina,Gittose,sgittoseh9@unicef.org,Female,174.225.174.23
723,Eustace,Paulley,epaulleyha@ning.com,Male,229.119.246.40
724,Faina,Jecock,fjecockhb@diigo.com,Female,156.196.20.45
725,Brock,Kyne,bkynehc@google.nl,Male,68.217.251.121
726,Lisha,Brasier,lbrasierhd@bizjournals.com,Female,146.215.92.77
727,Fanechka,Winskill,fwinskillhe@blog.com,Female,213.3.211.33
728,Ellerey,Tiffney,etiffneyhf@google.pl,Male,80.167.32.118
729,Othelia,Tsar,otsarhg@gmpg.org,Female,207.29.196.248
730,Lotty,Collimore,lcollimorehh@nifty.com,Female,53.181.3.46
731,Moreen,Hedney,mhedneyhi@livejournal.com,Female,117.90.105.176
732,Roger,Julyan,rjulyanhj@domainmarket.com,Non-binary,201.188.179.180
733,Candide,Bean,cbeanhk@wikipedia.org,Female,87.205.101.44
734,Melita,Ahrendsen,mahrendsenhl@dailymotion.com,Female,120.25.231.172
735,Marline,Tucknott,mtucknotthm@amazon.com,Female,109.203.203.13
736,Prent,Tidball,ptidballhn@1688.com,Male,184.217.213.50
737,Amby,Clench,aclenchho@imgur.com,Male,31.211.34.62
738,Quinlan,Fleischmann,qfleischmannhp@ibm.com,Male,232.110.113.15
739,Kort,Sothern,ksothernhq@addthis.com,Male,248.17.171.145
740,Isis,O'Lennachain,iolennachainhr@diigo.com,Female,45.6.105.76
741,Susan,Swafford,sswaffordhs@barnesandnoble.com,Bigender,59.96.193.115
742,Mannie,De Clairmont,mdeclairmontht@mozilla.com,Male,183.179.109.227
743,Fanny,Josovich,fjosovichhu@hugedomains.com,Female,214.55.39.154
744,Cleveland,De Pietri,cdepietrihv@nytimes.com,Male,93.47.180.54
745,Reine,Pock,rpockhw@quantcast.com,Female,49.44.8.121
746,Phillipp,Merrifield,pmerrifieldhx@youtube.com,Male,172.177.26.12
747,Brigitte,McCoish,bmccoishhy@walmart.com,Female,186.52.212.231
748,Neron,Sowthcote,nsowthcotehz@census.gov,Male,227.131.23.91
749,Allard,Cadney,acadneyi0@auda.org.au,Male,199.166.188.243
750,Welby,Greenlees,wgreenleesi1@mysql.com,Male,45.223.39.3
751,Haily,Jedrzaszkiewicz,hjedrzaszkiewiczi2@paginegialle.it,Female,4.81.21.152
752,Nikolaus,Klimowicz,nklimowiczi3@pen.io,Male,246.254.43.205
753,Farah,Boyle,fboylei4@bizjournals.com,Female,98.224.151.208
754,Webster,Scud,wscudi5@squidoo.com,Polygender,194.143.34.123
755,Ruggiero,Cramphorn,rcramphorni6@umich.edu,Male,88.86.20.102
756,Hamlin,McIan,hmciani7@lulu.com,Male,210.24.61.101
757,Querida,Siburn,qsiburni8@europa.eu,Female,44.128.209.143
758,Idette,Agott,iagotti9@walmart.com,Female,179.19.229.146
759,Viva,Stolworthy,vstolworthyia@mapquest.com,Genderfluid,238.86.221.135
760,Clem,Allner,callnerib@behance.net,Male,165.161.173.73
761,Candra,Bartlet,cbartletic@fotki.com,Female,43.239.173.108
762,Hewet,Cassey,hcasseyid@multiply.com,Male,52.108.235.163
763,Zechariah,Manass,zmanassie@baidu.com,Male,205.146.81.131
764,Rhett,Manoelli,rmanoelliif@google.co.jp,Male,28.14.27.217
765,Atlanta,Dibnah,adibnahig@ezinearticles.com,Female,203.186.252.116
766,Kelly,Choupin,kchoupinih@cam.ac.uk,Male,45.57.104.200
767,Gill,Geleman,ggelemanii@baidu.com,Male,143.8.63.15
768,Adriano,Deaville,adeavilleij@reddit.com,Male,89.10.226.127
769,Bailie,Giddins,bgiddinsik@ezinearticles.com,Male,24.49.56.153
770,Archibaldo,Need,aneedil@cnet.com,Male,104.83.74.199
771,Sherill,Rizzelli,srizzelliim@etsy.com,Female,123.45.236.180
772,Risa,Farlham,rfarlhamin@51.la,Female,21.205.14.237
773,Herby,Fear,hfeario@eventbrite.com,Male,250.66.166.238
774,Harv,Rodgerson,hrodgersonip@webs.com,Male,217.115.118.71
775,Jerrome,Satteford,jsattefordiq@livejournal.com,Male,30.188.33.158
776,Scot,Downage,sdownageir@utexas.edu,Male,201.93.80.156
777,Kiele,Clampe,kclampeis@harvard.edu,Female,238.234.7.68
778,Jacob,Sikorski,jsikorskiit@tiny.cc,Male,6.128.220.27
779,Archambault,Bartlomiejczyk,abartlomiejczykiu@vk.com,Male,245.2.14.196
780,Bart,Colchett,bcolchettiv@ehow.com,Male,16.112.170.194
781,Enrica,Pieche,epiecheiw@de.vu,Female,159.184.1.33
782,Minnaminnie,Mathy,mmathyix@youku.com,Female,56.237.128.28
783,Pansie,Ough,poughiy@mtv.com,Polygender,119.175.36.160
784,Obediah,Farbrace,ofarbraceiz@a8.net,Male,105.79.76.163
785,Vladamir,Burfoot,vburfootj0@pcworld.com,Male,156.66.117.194
786,Jephthah,Breissan,jbreissanj1@cloudflare.com,Male,90.52.182.75
787,Justinn,Rustadge,jrustadgej2@lulu.com,Female,116.98.187.150
788,Victoir,Simms,vsimmsj3@walmart.com,Male,119.168.3.4
789,Elwira,Wharf,ewharfj4@printfriendly.com,Female,102.89.74.139
790,Marla,Ainsworth,mainsworthj5@free.fr,Female,19.188.204.201
791,Audra,Beak,abeakj6@washington.edu,Female,175.143.206.160
792,Hanny,O'Criane,hocrianej7@cyberchimps.com,Female,145.36.179.163
793,Lorena,Gregoire,lgregoirej8@miibeian.gov.cn,Female,16.117.134.48
794,Alfred,Willcox,awillcoxj9@hibu.com,Male,103.65.49.142
795,Lucita,Ivanchenkov,livanchenkovja@t.co,Female,104.255.2.87
796,Reggi,Dasent,rdasentjb@google.fr,Agender,8.163.137.11
797,Lanni,Lowdeane,llowdeanejc@mozilla.com,Female,172.241.167.94
798,Kaitlin,Flanigan,kflaniganjd@statcounter.com,Female,49.95.46.98
799,Codi,Tweede,ctweedeje@berkeley.edu,Female,158.72.35.96
800,Palm,Simkovich,psimkovichjf@walmart.com,Male,170.3.238.25
801,Roxana,Axon,raxonjg@dailymotion.com,Female,251.140.134.108
802,Adelle,Kevlin,akevlinjh@ed.gov,Female,2.34.46.134
803,Ara,Costello,acostelloji@loc.gov,Male,238.44.142.249
804,Gill,Fetterplace,gfetterplacejj@omniture.com,Bigender,153.205.179.224
805,Micheline,Hardington,mhardingtonjk@wordpress.com,Female,210.52.101.162
806,Mina,Turfin,mturfinjl@drupal.org,Female,61.178.160.61
807,Anthia,Wickling,awicklingjm@newsvine.com,Female,8.128.226.246
808,June,Kubecka,jkubeckajn@guardian.co.uk,Female,243.17.146.148
809,Elwin,Munns,emunnsjo@ifeng.com,Male,218.192.119.70
810,Humbert,McKague,hmckaguejp@youku.com,Male,89.185.205.92
811,Nissie,Colisbe,ncolisbejq@dot.gov,Female,177.7.107.158
812,Norrie,Lesslie,nlessliejr@furl.net,Female,103.188.23.93
813,Goran,Dellit,gdellitjs@woothemes.com,Male,20.81.42.246
814,Robby,Wayne,rwaynejt@miitbeian.gov.cn,Male,160.135.245.56
815,Jacklyn,Highwood,jhighwoodju@state.gov,Female,8.217.76.247
816,Katerine,Hassell,khasselljv@canalblog.com,Female,164.34.187.113
817,Jonas,Fawcus,jfawcusjw@topsy.com,Male,25.209.9.197
818,Chase,Page,cpagejx@chicagotribune.com,Male,113.17.89.141
819,Devin,Halgarth,dhalgarthjy@oracle.com,Male,21.38.174.244
820,Donielle,Giuroni,dgiuronijz@marketwatch.com,Female,211.177.181.17
821,Jenni,Percy,jpercyk0@wiley.com,Female,33.84.214.103
822,Oswell,Blabie,oblabiek1@yolasite.com,Male,177.155.9.186
823,Gage,Scard,gscardk2@ca.gov,Male,25.42.188.108
824,Electra,Spinley,espinleyk3@altervista.org,Female,35.186.135.163
825,Read,Brende,rbrendek4@rakuten.co.jp,Male,241.31.127.190
826,Bernardina,Farnell,bfarnellk5@japanpost.jp,Female,137.177.3.8
827,Percival,Garratt,pgarrattk6@parallels.com,Male,225.89.121.165
828,Welbie,Kundt,wkundtk7@edublogs.org,Male,12.93.179.139
829,Alf,Rountree,arountreek8@discuz.net,Male,74.192.177.64
830,Consuela,Carlton,ccarltonk9@mayoclinic.com,Female,236.147.1.161
831,Garvey,Powdrell,gpowdrellka@ucla.edu,Male,53.124.147.254
832,Tymothy,Blackie,tblackiekb@pbs.org,Male,163.22.157.182
833,Chelsey,Pollendine,cpollendinekc@bing.com,Female,190.43.63.210
834,Maurene,Del Dello,mdeldellokd@cargocollective.com,Female,127.222.5.79
835,Hansiain,Boothman,hboothmanke@reference.com,Male,113.26.132.39
836,Auria,Linay,alinaykf@blogger.com,Female,231.213.235.156
837,Gabriell,Antoszewski,gantoszewskikg@gov.uk,Female,83.108.228.102
838,Florencia,Peoples,fpeopleskh@google.nl,Female,208.219.126.129
839,Noach,McKelvie,nmckelvieki@google.es,Polygender,85.237.224.225
840,Dominik,Turbefield,dturbefieldkj@google.ca,Male,17.86.171.127
841,Marni,Wedmore,mwedmorekk@cdbaby.com,Female,96.168.67.190
842,Fionnula,Orton,fortonkl@sourceforge.net,Female,179.2.202.237
843,Johnathan,Kyngdon,jkyngdonkm@networkadvertising.org,Male,211.211.82.247
844,Isiahi,Toward,itowardkn@latimes.com,Male,70.230.140.4
845,Morty,Hamlen,mhamlenko@state.tx.us,Male,204.160.150.75
846,Jarad,Danels,jdanelskp@stumbleupon.com,Male,128.175.54.209
847,Cristin,Sheen,csheenkq@forbes.com,Female,194.61.94.61
848,Hephzibah,Coller,hcollerkr@opera.com,Female,128.23.170.133
849,Emmalyn,Norheny,enorhenyks@dell.com,Female,255.127.187.108
850,Nelson,Goodbur,ngoodburkt@comcast.net,Male,231.46.54.64
851,Wren,Copner,wcopnerku@fc2.com,Female,188.7.8.114
852,Saul,Dando,sdandokv@weather.com,Male,39.43.147.217
853,Cory,Swatheridge,cswatheridgekw@is.gd,Male,242.171.228.91
854,Morgen,Beiderbecke,mbeiderbeckekx@blogs.com,Female,249.192.12.71
855,Curt,Escritt,cescrittky@prnewswire.com,Male,252.223.169.198
856,Addy,Longstreet,alongstreetkz@blogtalkradio.com,Male,245.45.145.99
857,Latashia,Whife,lwhifel0@quantcast.com,Female,242.31.170.127
858,Basia,Randlesome,brandlesomel1@flickr.com,Female,218.208.175.113
859,George,Ferriman,gferrimanl2@businesswire.com,Genderqueer,152.154.86.197
860,Camel,Tassaker,ctassakerl3@gizmodo.com,Female,15.207.33.29
861,Brander,Conibeer,bconibeerl4@techcrunch.com,Male,162.76.206.243
862,Urson,Leisman,uleismanl5@rediff.com,Male,54.13.230.52
863,Wayne,Twining,wtwiningl6@msn.com,Male,223.103.82.242
864,Frasquito,Tourville,ftourvillel7@google.co.uk,Male,81.72.192.205
865,Howie,McAneny,hmcanenyl8@ftc.gov,Male,255.129.3.16
866,Broddy,Le Floch,bleflochl9@biglobe.ne.jp,Genderqueer,232.77.58.230
867,Dalton,Flippelli,dflippellila@furl.net,Male,255.34.206.44
868,Natasha,Janowicz,njanowiczlb@mapy.cz,Female,17.163.43.45
869,Thomasa,Hulks,thulkslc@time.com,Bigender,214.110.100.251
870,Reuven,Ridgeway,rridgewayld@weebly.com,Male,116.23.234.92
871,Faber,Whorall,fwhorallle@google.nl,Male,217.23.8.164
872,Margareta,Danell,mdanelllf@soundcloud.com,Female,67.133.153.134
873,Elisabeth,Bendan,ebendanlg@macromedia.com,Female,241.221.23.242
874,Jeane,Dobrowski,jdobrowskilh@google.ru,Female,141.130.29.27
875,Eliza,Aggas,eaggasli@goodreads.com,Female,241.173.181.17
876,Agretha,Adrianello,aadrianellolj@economist.com,Female,25.194.32.141
877,Powell,Simeonov,psimeonovlk@tamu.edu,Male,61.57.175.73
878,Avictor,Simko,asimkoll@liveinternet.ru,Male,172.194.203.122
879,Katerina,Blockley,kblockleylm@ovh.net,Female,9.179.46.179
880,Jayme,Albro,jalbroln@reddit.com,Genderqueer,104.13.163.92
881,Stavro,Clifford,scliffordlo@deviantart.com,Male,137.206.246.178
882,Dian,Tod,dtodlp@ca.gov,Female,116.25.40.161
883,Harrietta,Ply,hplylq@shutterfly.com,Female,158.151.139.124
884,Vasily,Frissell,vfrisselllr@nsw.gov.au,Non-binary,44.202.147.157
885,Jerrold,Baldock,jbaldockls@china.com.cn,Male,216.11.187.76
886,Hetti,Atkins,hatkinslt@dedecms.com,Female,211.226.35.8
887,Thedrick,Olivari,tolivarilu@about.me,Male,112.110.208.122
888,Herve,Swadling,hswadlinglv@soup.io,Male,177.14.237.122
889,Jarad,Flanne,jflannelw@slate.com,Male,189.64.37.109
890,Hurlee,Applegate,happlegatelx@nyu.edu,Male,127.175.12.133
891,Luke,MacAnulty,lmacanultyly@live.com,Male,43.35.148.7
892,Rinaldo,Easlea,reaslealz@technorati.com,Male,17.241.95.34
893,Shelbi,Pindar,spindarm0@bigcartel.com,Female,136.193.187.25
894,Coletta,Falkinder,cfalkinderm1@toplist.cz,Female,78.143.12.111
895,Ben,Zarfat,bzarfatm2@google.it,Male,149.173.34.190
896,George,McSkeagan,gmcskeaganm3@msn.com,Female,187.197.31.1
897,Nadine,Spurret,nspurretm4@google.fr,Non-binary,109.241.4.13
898,Mollee,Stow,mstowm5@amazon.de,Non-binary,79.251.182.30
899,Isidro,Spancock,ispancockm6@paypal.com,Male,111.188.115.240
900,Fonzie,Wattinham,fwattinhamm7@ibm.com,Genderfluid,161.191.85.179
901,Jennifer,McCrudden,jmccruddenm8@harvard.edu,Bigender,234.254.200.220
902,Carola,Safhill,csafhillm9@deviantart.com,Female,115.10.131.16
903,Goldi,Noel,gnoelma@wisc.edu,Female,78.67.232.141
904,Rubetta,Milsted,rmilstedmb@privacy.gov.au,Female,69.196.253.179
905,Gerhardine,Geraghty,ggeraghtymc@scientificamerican.com,Female,138.181.9.92
906,Welsh,Burkart,wburkartmd@lulu.com,Male,180.169.183.112
907,Mehetabel,Cavil,mcavilme@chron.com,Polygender,11.199.208.76
908,Linnea,Rosendorf,lrosendorfmf@cisco.com,Female,236.93.113.176
909,Leeann,Heitz,lheitzmg@people.com.cn,Female,137.100.6.20
910,Lovell,Zielinski,lzielinskimh@discovery.com,Male,19.231.121.12
911,Dominga,Corbishley,dcorbishleymi@scientificamerican.com,Female,193.190.97.191
912,Frieda,Dunkley,fdunkleymj@google.ca,Female,74.168.42.186
913,Maritsa,Brockhurst,mbrockhurstmk@4shared.com,Female,73.152.194.44
914,Enrique,Jeannon,ejeannonml@histats.com,Male,72.45.214.97
915,Siana,Criag,scriagmm@mit.edu,Female,89.116.63.222
916,Fredelia,Thomke,fthomkemn@imgur.com,Female,126.177.230.244
917,Rici,Revington,rrevingtonmo@yahoo.co.jp,Polygender,161.154.13.161
918,Nikolaos,Demeter,ndemetermp@google.com,Male,18.190.100.163
919,Cassandry,Whysall,cwhysallmq@si.edu,Female,204.130.58.24
920,Becki,Malling,bmallingmr@hc360.com,Female,162.145.123.217
921,Nevsa,Andriss,nandrissms@skyrock.com,Female,46.24.145.54
922,Rafe,Pache,rpachemt@51.la,Male,240.174.72.58
923,Briney,Bustard,bbustardmu@intel.com,Female,83.46.182.154
924,Ashly,Simeoli,asimeolimv@ifeng.com,Polygender,214.81.205.48
925,Leonore,Crosbie,lcrosbiemw@ovh.net,Female,194.91.31.231
926,Miranda,Ritzman,mritzmanmx@is.gd,Bigender,219.128.213.21
927,Yul,Parken,yparkenmy@forbes.com,Male,142.207.197.182
928,Hurley,Roughey,hrougheymz@51.la,Male,182.229.243.194
929,Northrup,Thoresbie,nthoresbien0@squidoo.com,Male,59.2.55.194
930,Theresa,Beilby,tbeilbyn1@homestead.com,Genderfluid,159.231.32.177
931,Chic,Hattam,chattamn2@google.ru,Male,2.198.80.94
932,Archambault,Stribbling,astribblingn3@yelp.com,Male,30.32.21.92
933,Fayina,Ambrosio,fambrosion4@ed.gov,Female,116.58.159.16
934,Kayley,Phateplace,kphateplacen5@mozilla.org,Female,173.30.21.8
935,Avigdor,Grier,agriern6@wired.com,Male,190.255.210.69
936,Erinna,Forrester,eforrestern7@ted.com,Female,212.211.114.144
937,Salim,Juhruke,sjuhruken8@squidoo.com,Male,53.211.17.229
938,Dulcea,Harrower,dharrowern9@wunderground.com,Female,38.250.153.145
939,Ciel,Extall,cextallna@slideshare.net,Female,234.54.109.136
940,Nollie,Sibbet,nsibbetnb@joomla.org,Male,74.251.128.53
941,Arielle,MacVagh,amacvaghnc@qq.com,Female,169.213.113.100
942,Lennie,Laroux,llarouxnd@lulu.com,Male,73.252.120.64
943,Evangeline,Donegan,edoneganne@1688.com,Female,95.3.193.228
944,Darsey,Rosgen,drosgennf@moonfruit.com,Female,104.116.159.121
945,Devondra,Zavattari,dzavattaring@wix.com,Female,18.57.7.145
946,Jacky,Hawkin,jhawkinnh@joomla.org,Male,46.189.23.74
947,Ambrose,Ida,aidani@indiatimes.com,Male,241.188.10.149
948,Corbett,Heaford,cheafordnj@oakley.com,Male,210.145.213.151
949,Quillan,Folk,qfolknk@netscape.com,Male,111.150.153.211
950,Lucius,Joselevitch,ljoselevitchnl@nih.gov,Agender,147.245.179.16
951,Vassily,Lumsdall,vlumsdallnm@sogou.com,Male,68.55.74.166
952,Cissy,Braley,cbraleynn@soundcloud.com,Female,250.128.166.59
953,Tiebold,Reely,treelyno@webnode.com,Male,243.28.213.123
954,Uriah,Tolomei,utolomeinp@tuttocitta.it,Male,23.209.112.15
955,Dorrie,Farnfield,dfarnfieldnq@ox.ac.uk,Female,78.29.111.88
956,Henrie,Dawltrey,hdawltreynr@ucoz.ru,Female,211.103.179.114
957,Chryste,Bestwick,cbestwickns@360.cn,Female,80.118.185.65
958,Nady,Jayme,njayment@mit.edu,Female,106.145.169.16
959,Megen,Chick,mchicknu@studiopress.com,Female,115.49.156.107
960,Sheryl,Longhorne,slonghornenv@va.gov,Female,222.231.11.105
961,Robb,Britcher,rbritchernw@dell.com,Male,106.129.255.174
962,Chet,Orred,corrednx@sciencedirect.com,Male,6.143.76.134
963,Armando,Bucklee,abuckleeny@1und1.de,Male,71.209.65.243
964,Pietrek,Stuer,pstuernz@va.gov,Male,28.26.53.64
965,Karel,Jerzykiewicz,kjerzykiewiczo0@google.ru,Female,221.118.104.254
966,Erhard,Drinkhall,edrinkhallo1@gmpg.org,Male,42.213.41.131
967,Maude,Rubinivitz,mrubinivitzo2@howstuffworks.com,Female,109.116.111.96
968,Gale,Moring,gmoringo3@gov.uk,Female,139.49.194.65
969,Camila,Vaissiere,cvaissiereo4@fotki.com,Female,97.17.163.202
970,Wilhelmina,Danihelka,wdanihelkao5@yellowbook.com,Female,249.165.146.155
971,Melosa,Fretter,mfrettero6@arstechnica.com,Female,189.157.222.168
972,Micky,Petasch,mpetascho7@virginia.edu,Male,3.50.220.168
973,Stevie,Turnock,sturnocko8@ycombinator.com,Male,60.15.175.106
974,Zelma,Channon,zchannono9@goo.ne.jp,Female,177.122.191.12
975,Charleen,Djorevic,cdjorevicoa@canalblog.com,Female,87.157.249.173
976,Marj,Kedward,mkedwardob@4shared.com,Genderqueer,23.147.63.201
977,Violetta,Measen,vmeasenoc@msu.edu,Female,204.93.117.232
978,Miller,Gane,mganeod@github.io,Male,140.85.103.243
979,Fraze,Readings,freadingsoe@salon.com,Male,39.22.95.191
980,Jaimie,Rousell,jrousellof@nymag.com,Female,161.217.234.64
981,Darelle,Bugden,dbugdenog@scribd.com,Female,3.198.71.215
982,Faydra,Chopin,fchopinoh@sourceforge.net,Polygender,17.73.198.3
983,Giacobo,Peplay,gpeplayoi@ifeng.com,Male,157.68.135.67
984,Marylee,Proctor,mproctoroj@ibm.com,Female,180.136.188.161
985,Carleton,Gilliatt,cgilliattok@cocolog-nifty.com,Male,46.175.85.3
986,Daphne,Mashal,dmashalol@edublogs.org,Female,226.235.201.102
987,Zita,Donner,zdonnerom@weather.com,Female,7.60.36.184
988,Batsheva,Stodd,bstoddon@hibu.com,Female,210.143.241.117
989,Ethelind,Twiddle,etwiddleoo@printfriendly.com,Female,75.120.138.62
990,Katalin,Orriss,korrissop@harvard.edu,Female,173.172.98.210
991,Coral,Filewood,cfilewoodoq@reddit.com,Female,229.154.183.240
992,Arnoldo,Strass,astrassor@go.com,Male,234.1.95.41
993,Ofelia,Gowans,ogowansos@google.co.jp,Female,190.101.71.218
994,Melita,Morley,mmorleyot@msu.edu,Female,118.161.83.159
995,Betsey,Crockford,bcrockfordou@taobao.com,Female,224.95.4.153
996,Shadow,Drury,sdruryov@si.edu,Male,144.140.65.4
997,Zonda,Winman,zwinmanow@feedburner.com,Female,26.182.24.135
998,Burg,Lope,blopeox@drupal.org,Male,123.199.52.48
999,Binni,Pretorius,bpretoriusoy@princeton.edu,Female,209.200.217.38
1000,Corey,Porrett,cporrettoz@forbes.com,Agender,223.72.229.252
1001,Tobye,Filyashin,tfilyashinp0@businessweek.com,Female,124.132.38.24
1002,Marlo,Rizzillo,mrizzillop1@nsw.gov.au,Polygender,4.31.85.4
1003,Ashlin,Tolossi,atolossip2@seattletimes.com,Male,244.210.165.231
1004,Dore,Trangmar,dtrangmarp3@cisco.com,Male,105.77.99.250
1005,Lynna,Fitchen,lfitchenp4@nationalgeographic.com,Female,188.210.121.6
1006,Eddi,Bowser,ebowserp5@biblegateway.com,Female,122.10.99.164
1007,Ambrosius,Darke,adarkep6@ucoz.ru,Male,198.11.34.160
1008,Cornelius,Reape,creapep7@miibeian.gov.cn,Male,127.62.69.10
1009,Adina,Castella,acastellap8@about.me,Female,96.109.199.111
1010,Shaine,Armin,sarminp9@sun.com,Polygender,221.46.180.231
1011,Nat,Chaunce,nchauncepa@sciencedirect.com,Male,31.225.8.75
1012,Bentlee,Battershall,bbattershallpb@sohu.com,Male,77.117.37.118
1013,Feodora,Wingate,fwingatepc@google.com.br,Female,247.219.34.245
1014,Pall,Bruce,pbrucepd@icq.com,Male,255.177.32.103
1015,Alleyn,Perch,aperchpe@nasa.gov,Male,48.198.133.125
1016,Celine,Farrand,cfarrandpf@furl.net,Female,225.196.58.157
1017,Jamison,O' Cuolahan,jocuolahanpg@pcworld.com,Male,202.77.64.130
1018,Nertie,Lintall,nlintallph@techcrunch.com,Female,13.77.214.235
1019,Christa,Botley,cbotleypi@discovery.com,Female,175.170.115.221
1020,Sallie,Dibner,sdibnerpj@addthis.com,Female,240.42.148.236
1021,Norbie,Iacovolo,niacovolopk@mail.ru,Male,91.95.132.219
1022,Shanan,Djurdjevic,sdjurdjevicpl@cbc.ca,Male,89.144.170.159
1023,Rey,Cuff,rcuffpm@merriam-webster.com,Genderqueer,15.66.78.73
1024,Chaddy,Sherburn,csherburnpn@elpais.com,Male,93.15.208.171
1025,Karisa,Blakeman,kblakemanpo@stanford.edu,Female,218.146.171.222
1026,Pincas,Warner,pwarnerpp@unesco.org,Male,51.104.87.141
1027,Carmella,Balshaw,cbalshawpq@scientificamerican.com,Female,29.247.230.233
1028,Connie,Narey,cnareypr@paypal.com,Male,220.217.128.4
1029,Fairfax,Sellers,fsellersps@prlog.org,Male,170.142.49.130
1030,Wendye,Izac,wizacpt@boston.com,Female,58.204.138.174
1031,Everard,Ketts,ekettspu@odnoklassniki.ru,Male,44.174.7.14
1032,Theadora,Paulot,tpaulotpv@amazon.com,Female,42.236.24.198
1033,Jeri,Stetson,jstetsonpw@howstuffworks.com,Female,231.31.58.216
1034,Brian,Blakey,bblakeypx@behance.net,Male,253.4.65.209
1035,Ashil,Baffin,abaffinpy@blogger.com,Female,2.89.13.141
1036,Bethena,McKay,bmckaypz@slashdot.org,Female,224.81.173.219
1037,Derby,Klezmski,dklezmskiq0@ebay.com,Male,91.70.228.164
1038,Osbourn,Renad,orenadq1@wix.com,Male,157.97.214.199
1039,Brandy,Abels,babelsq2@360.cn,Male,202.210.154.235
1040,Ailyn,Aitken,aaitkenq3@wikispaces.com,Female,82.156.32.82
1041,Tobey,New,tnewq4@ow.ly,Female,53.11.132.64
1042,Lorry,Wabersinke,lwabersinkeq5@ucla.edu,Male,128.211.211.193
1043,Jaquenette,Worsnop,jworsnopq6@hibu.com,Female,168.201.220.195
1044,Rowan,Kuhnt,rkuhntq7@ow.ly,Male,118.142.214.253
1045,Rodolfo,Ingley,ringleyq8@skype.com,Male,29.4.182.25
1046,Hamish,de Amaya,hdeamayaq9@aboutads.info,Male,85.12.93.136
1047,Sela,Portigall,sportigallqa@ucsd.edu,Female,7.129.220.251
1048,Rutledge,Creegan,rcreeganqb@pen.io,Male,126.125.167.206
1049,Dionisio,Antonoczyk,dantonoczykqc@cbslocal.com,Male,73.225.168.234
1050,Staffard,Piolli,spiolliqd@ycombinator.com,Male,34.164.89.164
1051,Caroline,Fooks,cfooksqe@google.com,Female,229.42.89.3
1052,Craggie,Sharrier,csharrierqf@pinterest.com,Male,169.187.189.164
1053,Jerry,Cant,jcantqg@dailymotion.com,Male,240.30.107.180
1054,Cicely,O'Donoghue,codonoghueqh@newyorker.com,Female,107.124.94.118
1055,Stace,Nenci,snenciqi@cam.ac.uk,Female,40.197.136.98
1056,Griswold,Naper,gnaperqj@typepad.com,Male,255.70.2.154
1057,Marlon,Venour,mvenourqk@yellowpages.com,Male,233.253.138.102
1058,Anabel,Cahey,acaheyql@xing.com,Female,223.205.98.79
1059,Raye,Gepp,rgeppqm@example.com,Female,140.122.242.205
1060,Ula,Megarry,umegarryqn@blogger.com,Female,223.248.182.246
1061,Walton,Feldon,wfeldonqo@java.com,Male,131.53.12.150
1062,Freddy,Drewitt,fdrewittqp@fotki.com,Male,231.179.28.44
1063,Syd,Binner,sbinnerqq@disqus.com,Male,247.251.212.66
1064,Angelika,Conybear,aconybearqr@soup.io,Female,29.13.252.128
1065,Ernest,Clemencet,eclemencetqs@macromedia.com,Non-binary,22.150.227.58
1066,Susanne,Penny,spennyqt@bizjournals.com,Female,52.156.85.252
1067,Laurianne,Fragino,lfraginoqu@cam.ac.uk,Female,23.118.163.7
1068,Belicia,Melburg,bmelburgqv@pcworld.com,Female,249.186.234.80
1069,Neil,Francomb,nfrancombqw@sourceforge.net,Male,241.164.103.7
1070,Ezechiel,Durnford,edurnfordqx@prnewswire.com,Male,238.199.162.221
1071,Leone,Vost,lvostqy@yahoo.co.jp,Female,140.91.23.242
1072,Killie,Morse,kmorseqz@engadget.com,Male,0.40.205.92
1073,Hamilton,Summerson,hsummersonr0@geocities.com,Male,119.121.216.93
1074,Archibald,Oag,aoagr1@google.cn,Male,187.2.148.39
1075,Bertha,Standeven,bstandevenr2@shop-pro.jp,Female,230.170.202.27
1076,Finn,Deluca,fdelucar3@yahoo.co.jp,Male,220.241.31.209
1077,Marcellus,Pardey,mpardeyr4@wordpress.org,Male,246.46.169.14
1078,Seumas,Tremayne,stremayner5@europa.eu,Polygender,48.84.80.153
1079,Luce,Stokoe,lstokoer6@japanpost.jp,Male,55.185.141.163
1080,Marne,Korfmann,mkorfmannr7@bloomberg.com,Female,89.58.200.230
1081,Quentin,Lax,qlaxr8@ted.com,Male,64.133.21.54
1082,Theodora,Snoxill,tsnoxillr9@fastcompany.com,Female,127.207.179.60
1083,Ursola,Cantle,ucantlera@naver.com,Female,151.65.71.63
1084,Thor,Bradborne,tbradbornerb@youtube.com,Male,105.204.11.55
1085,Orel,Riping,oripingrc@issuu.com,Female,106.3.75.229
1086,Immanuel,Malkin,imalkinrd@nymag.com,Male,20.172.157.32
1087,Sadella,MacBarron,smacbarronre@joomla.org,Female,151.65.186.159
1088,Rodrique,Dunhill,rdunhillrf@jalbum.net,Male,234.84.224.80
1089,Guinevere,Cliburn,gcliburnrg@livejournal.com,Female,195.8.136.106
1090,Packston,Goublier,pgoublierrh@icio.us,Male,72.197.152.224
1091,Nicolis,Gatchell,ngatchellri@jugem.jp,Male,254.25.210.171
1092,Seamus,Limming,slimmingrj@nba.com,Male,40.230.200.38
1093,Leisha,Humphery,lhumpheryrk@microsoft.com,Polygender,62.228.146.175
1094,Rodie,Biskup,rbiskuprl@dropbox.com,Female,58.120.195.92
1095,Doy,Kummerlowe,dkummerlowerm@linkedin.com,Male,190.101.68.201
1096,Linc,Hefner,lhefnerrn@geocities.jp,Male,98.62.196.24
1097,Aidan,Tremellan,atremellanro@salon.com,Female,44.54.2.164
1098,Saundra,Hulse,shulserp@cnn.com,Male,217.210.98.14
1099,Griswold,McWhirter,gmcwhirterrq@adobe.com,Agender,50.240.187.65
1100,Levin,Mealiffe,lmealifferr@naver.com,Male,215.132.227.34
