id,first_name,last_name,email,gender,ip_address
1101,Micky,Glyn,mglyn0@clickbank.net,Male,107.250.46.231
1102,Lea,Tonbye,ltonbye1@washington.edu,Female,185.194.115.122
1103,Mari,Brooker,mbrooker2@thetimes.co.uk,Female,41.22.219.214
1104,Dewitt,Punt,dpunt3@illinois.edu,Male,218.60.162.113
1105,Jamaal,Trevear,jtrevear4@nasa.gov,Male,204.231.57.207
1106,Jeddy,Daviddi,jdaviddi5@tiny.cc,Male,48.245.107.28
1107,Arlyn,Dinnage,adinnage6@digg.com,Female,245.181.210.219
1108,Daffi,Abramowsky,dabramowsky7@deliciousdays.com,Agender,26.80.169.69
1109,Wallache,Keming,wkeming8@adobe.com,Male,138.21.114.176
1110,Harrietta,Yon,hyon9@wikia.com,Female,91.112.191.221
1111,Barret,Bestman,bbestmana@parallels.com,Male,255.57.122.184
1112,Andrey,Lawler,alawlerb@zdnet.com,Male,222.150.193.131
1113,Abby,Claricoates,aclaricoatesc@acquirethisname.com,Female,142.200.27.66
1114,Harry,Beig,hbeigd@ihg.com,Genderfluid,66.107.78.179
1115,Ike,Schirak,ischirake@addtoany.com,Male,28.133.130.10
1116,Budd,Beetham,bbeethamf@de.vu,Male,68.116.190.171
1117,Alexis,Fawks,afawksg@vkontakte.ru,Female,194.163.120.151
1118,Meg,Webburn,mwebburnh@usa.gov,Female,18.165.111.152
1119,Wright,Garlant,wgarlanti@apache.org,Male,151.163.68.65
1120,Izabel,Dodgshun,idodgshunj@springer.com,Female,219.229.68.44
1121,Catlin,Raddon,craddonk@miitbeian.gov.cn,Female,165.90.48.146
1122,Curry,Le Marquis,clemarquisl@ehow.com,Agender,98.117.85.147
1123,Hubey,Makey,hmakeym@si.edu,Polygender,13.84.172.71
1124,Kathryne,Furmston,kfurmstonn@flavors.me,Female,126.100.229.128
1125,Karleen,Ruffles,kruffleso@europa.eu,Female,141.2.92.174
1126,Thebault,Edds,teddsp@webeden.co.uk,Male,48.144.170.76
1127,Dyan,Worlidge,dworlidgeq@typepad.com,Genderfluid,96.15.143.15
1128,Ivor,Dinsale,idinsaler@ucoz.com,Genderqueer,46.141.123.3
1129,Michaelina,Furneaux,mfurneauxs@statcounter.com,Female,109.153.103.113
1130,Nollie,Everil,neverilt@reverbnation.com,Male,23.200.103.0
1131,Ronny,McOnie,rmconieu@purevolume.com,Male,114.154.159.58
1132,Wat,Braganca,wbragancav@wordpress.com,Male,192.23.253.186
1133,Hamish,Kingaby,hkingabyw@sakura.ne.jp,Male,251.204.42.97
1134,Arliene,Mallebone,amallebonex@globo.com,Female,72.67.141.67
1135,Elva,Ramberg,erambergy@tamu.edu,Bigender,219.4.169.72
1136,Wittie,Aherne,wahernez@com.com,Male,180.201.217.63
1137,Florian,Semmence,fsemmence10@skype.com,Male,189.79.135.144
1138,Shannon,Coggan,scoggan11@github.com,Female,222.64.70.116
1139,Alexei,Decreuze,adecreuze12@phoca.cz,Male,135.131.219.81
1140,Eduardo,Flucker,eflucker13@plala.or.jp,Genderfluid,237.123.240.8
1141,Selig,Whitworth,swhitworth14@intel.com,Male,7.2.194.199
1142,Ephrem,Midgely,emidgely15@wikipedia.org,Male,64.21.182.153
1143,Xenia,Ferry,xferry16@meetup.com,Female,18.54.189.223
1144,Josephina,Prine,jprine17@feedburner.com,Female,184.134.49.179
1145,Henderson,Shelp,hshelp18@ovh.net,Male,237.158.107.153
1146,Cristine,Houseman,chouseman19@soup.io,Female,4.140.252.111
1147,Cherye,Hankey,chankey1a@go.com,Female,81.233.72.139
1148,Juliann,Beeres,jbeeres1b@admin.ch,Female,161.30.164.164
1149,Terrie,Kellick,tkellick1c@mozilla.com,Female,140.111.53.203
1150,Tresa,Syce,tsyce1d@zimbio.com,Female,77.218.8.83
1151,Adrea,Shurmore,ashurmore1e@paypal.com,Agender,164.169.218.3
1152,Teirtza,Gerckens,tgerckens1f@behance.net,Female,207.143.87.102
1153,Jayme,aManger,jamanger1g@wikispaces.com,Male,76.131.96.104
1154,Janel,Harrigan,jharrigan1h@columbia.edu,Female,48.16.235.200
1155,Rebeka,Jefferys,rjefferys1i@clickbank.net,Female,17.102.156.103
1156,Etheline,Bristoe,ebristoe1j@chron.com,Genderqueer,47.209.243.151
1157,Sigismund,Normant,snormant1k@creativecommons.org,Male,167.113.87.160
1158,Rudyard,Petz,rpetz1l@dmoz.org,Male,236.250.239.82
1159,Toby,Costard,tcostard1m@cnn.com,Female,29.230.189.32
1160,Alonso,Gabbetis,agabbetis1n@delicious.com,Male,141.103.187.131
1161,Michelle,Schimann,mschimann1o@rediff.com,Female,48.241.115.74
1162,Christie,Crookston,ccrookston1p@springer.com,Female,170.38.133.49
1163,Anders,Sexstone,asexstone1q@engadget.com,Male,68.213.61.77
1164,Edd,Braddick,ebraddick1r@goo.ne.jp,Male,8.133.201.175
1165,Vick,Cuell,vcuell1s@wisc.edu,Male,80.251.225.233
1166,Garvy,Romera,gromera1t@google.com.br,Male,206.171.124.140
1167,Tomlin,Vineall,tvineall1u@state.tx.us,Male,197.214.157.67
1168,Beltran,Fortun,bfortun1v@wufoo.com,Male,244.44.30.28
1169,Lu,Jeanenet,ljeanenet1w@reuters.com,Female,70.76.126.177
1170,Sheela,Schreurs,sschreurs1x@stanford.edu,Female,225.121.23.234
1171,Allard,McKintosh,amckintosh1y@oakley.com,Male,201.41.215.189
1172,Ash,Wheater,awheater1z@4shared.com,Male,14.111.87.13
1173,Chloris,Cartmill,ccartmill20@harvard.edu,Female,31.169.64.108
1174,Stevie,Hryskiewicz,shryskiewicz21@nifty.com,Male,224.72.154.51
1175,Onida,Simonou,osimonou22@buzzfeed.com,Female,150.39.212.210
1176,Carny,Pepys,cpepys23@engadget.com,Male,74.167.105.207
1177,Farand,Girone,fgirone24@dell.com,Female,27.107.140.119
1178,Livia,Stiles,lstiles25@time.com,Female,112.204.160.245
1179,Alexio,Haug,ahaug26@oakley.com,Bigender,239.199.240.244
1180,Vivie,McGahey,vmcgahey27@businesswire.com,Female,72.124.239.105
1181,Trish,Phuprate,tphuprate28@joomla.org,Female,57.176.3.78
1182,Demeter,Bosworth,dbosworth29@geocities.com,Female,57.130.73.72
1183,Reuven,Radenhurst,rradenhurst2a@discuz.net,Male,128.47.111.248
1184,Dannel,Syalvester,dsyalvester2b@smh.com.au,Male,63.94.221.254
1185,Timotheus,Overpool,toverpool2c@who.int,Male,12.77.59.111
1186,Melinda,Dominico,mdominico2d@123-reg.co.uk,Female,30.10.193.6
1187,Willi,Bedham,wbedham2e@arizona.edu,Male,234.140.12.39
1188,Lisle,Northridge,lnorthridge2f@over-blog.com,Male,101.61.154.38
1189,Rosanne,Latore,rlatore2g@europa.eu,Female,147.69.157.118
1190,Abbe,Ormesher,aormesher2h@tiny.cc,Female,75.145.67.98
1191,Sheffield,Medler,smedler2i@opera.com,Male,69.243.92.16
1192,Lula,Cavilla,lcavilla2j@pbs.org,Female,35.59.99.34
1193,Alister,O'Donoghue,aodonoghue2k@ycombinator.com,Male,106.138.86.71
1194,Alasdair,Whitter,awhitter2l@unc.edu,Male,188.137.130.41
1195,Josias,Marcq,jmarcq2m@furl.net,Male,152.27.234.76
1196,Neville,Godfree,ngodfree2n@xrea.com,Male,114.75.25.221
1197,Lira,Dugan,ldugan2o@who.int,Genderfluid,82.160.105.122
1198,Zita,Hatliff,zhatliff2p@cmu.edu,Agender,236.226.168.59
1199,Billye,Joseph,bjoseph2q@dyndns.org,Female,129.67.153.152
1200,Amalle,Lamanby,alamanby2r@wikia.com,Female,179.55.70.153
1201,Adelaide,Stelli,astelli2s@webs.com,Female,157.174.133.173
1202,Corrie,Koppen,ckoppen2t@de.vu,Male,95.12.22.175
1203,Sean,Berry,sberry2u@intel.com,Female,148.153.95.216
1204,Maurita,Quickenden,mquickenden2v@bravesites.com,Female,246.247.15.236
1205,Barbey,Gunthorp,bgunthorp2w@fda.gov,Female,208.242.15.215
1206,Malinde,McPike,mmcpike2x@slashdot.org,Female,106.193.95.206
1207,Minetta,Crock,mcrock2y@barnesandnoble.com,Female,207.168.115.238
1208,Meredith,Shemmin,mshemmin2z@smh.com.au,Female,202.219.79.22
1209,Alisha,Dusting,adusting30@pbs.org,Female,128.250.209.120
1210,Terence,Portugal,tportugal31@webs.com,Male,145.78.89.201
1211,Olvan,Pizey,opizey32@mit.edu,Male,168.147.75.143
1212,Lorin,Calven,lcalven33@1und1.de,Male,119.200.77.129
1213,Deva,Curner,dcurner34@smh.com.au,Female,87.0.11.106
1214,Burch,MacAlister,bmacalister35@un.org,Male,18.76.192.45
1215,Ursuline,Stilling,ustilling36@reference.com,Female,126.185.154.193
1216,Kaylyn,Shakshaft,kshakshaft37@auda.org.au,Genderqueer,82.113.5.86
1217,Elnar,Lucchi,elucchi38@github.com,Male,147.231.50.179
1218,Carlos,Suddick,csuddick39@vkontakte.ru,Male,151.26.216.236
1219,Claudianus,Mawhinney,cmawhinney3a@noaa.gov,Male,98.70.199.227
1220,Sheeree,Lemmanbie,slemmanbie3b@opensource.org,Bigender,248.56.171.246
1221,Rockie,Tims,rtims3c@dailymail.co.uk,Male,132.16.219.193
1222,Lucias,Perryman,lperryman3d@liveinternet.ru,Male,178.48.10.226
1223,Jose,Erratt,jerratt3e@fc2.com,Male,175.146.184.109
1224,Fania,Imlock,fimlock3f@networksolutions.com,Female,210.159.42.62
1225,Blane,Wipfler,bwipfler3g@mozilla.org,Male,15.98.121.162
1226,Olenka,Brunstan,obrunstan3h@ca.gov,Female,171.91.138.162
1227,Berry,Illing,billing3i@hc360.com,Female,6.24.142.181
1228,Virgilio,Klulik,vklulik3j@cbsnews.com,Male,30.169.244.91
1229,Morty,MacHostie,mmachostie3k@sogou.com,Male,178.62.128.243
1230,Desirae,Tessier,dtessier3l@vinaora.com,Female,130.227.229.158
1231,Bird,Lavalle,blavalle3m@marriott.com,Female,65.106.40.215
1232,Shirline,Hobble,shobble3n@wsj.com,Polygender,141.70.178.169
1233,Nikolos,Slowgrove,nslowgrove3o@com.com,Male,241.68.61.28
1234,Kendall,Bontein,kbontein3p@usda.gov,Male,87.54.25.110
1235,Giavani,Scannell,gscannell3q@youtu.be,Male,128.18.48.24
1236,Hannis,Gisborne,hgisborne3r@nationalgeographic.com,Female,85.64.91.186
1237,Beckie,Haspineall,bhaspineall3s@sina.com.cn,Female,156.125.49.158
1238,Hyacinthia,Waitland,hwaitland3t@yahoo.co.jp,Female,122.180.89.171
1239,Guy,Cowle,gcowle3u@51.la,Male,214.168.57.143
1240,Susan,Wiseman,swiseman3v@cafepress.com,Female,114.147.66.252
1241,Lisetta,Renzini,lrenzini3w@lulu.com,Female,28.147.223.112
1242,Jillane,Doveston,jdoveston3x@bigcartel.com,Female,12.189.57.253
1243,Von,Collcott,vcollcott3y@cornell.edu,Male,156.70.183.15
1244,Abbie,Huggard,ahuggard3z@latimes.com,Female,27.104.147.55
1245,Bartel,Cappineer,bcappineer40@nasa.gov,Male,131.201.197.126
1246,Roze,Hillock,rhillock41@dagondesign.com,Female,12.219.166.33
1247,Ahmed,World,aworld42@mozilla.com,Male,166.245.231.105
1248,Hercules,Jamson,hjamson43@cmu.edu,Male,231.87.234.222
1249,Catlee,Quantrill,cquantrill44@purevolume.com,Female,230.26.52.252
1250,Emmy,Vsanelli,evsanelli45@ask.com,Male,4.189.32.157
1251,Tiffanie,Escott,tescott46@dmoz.org,Female,17.14.93.161
1252,Goober,Haddon,ghaddon47@baidu.com,Bigender,0.45.247.252
1253,Vance,Brahmer,vbrahmer48@w3.org,Male,97.9.0.143
1254,Cyb,Sowood,csowood49@csmonitor.com,Female,86.67.146.136
1255,Uri,Domingues,udomingues4a@opera.com,Bigender,16.97.107.189
1256,Siegfried,Brunke,sbrunke4b@craigslist.org,Male,19.181.68.13
1257,Karlene,Padillo,kpadillo4c@mapy.cz,Female,198.72.142.76
1258,Nanni,Benediktsson,nbenediktsson4d@dedecms.com,Female,219.253.122.128
1259,Bary,Mitchenson,bmitchenson4e@alibaba.com,Male,235.23.189.3
1260,Alyda,Vaz,avaz4f@hexun.com,Female,75.165.252.157
1261,Gannon,Sharper,gsharper4g@theglobeandmail.com,Male,121.201.222.150
1262,Jerrie,Kording,jkording4h@oaic.gov.au,Male,225.127.224.94
1263,Justinian,Napper,jnapper4i@hatena.ne.jp,Male,72.205.1.160
1264,Alexis,Mailes,amailes4j@boston.com,Male,11.98.159.187
1265,Lorita,Dunbar,ldunbar4k@e-recht24.de,Female,138.138.99.225
1266,Ingeberg,Sivill,isivill4l@hc360.com,Female,66.77.196.104
1267,Garland,Cianni,gcianni4m@umich.edu,Female,176.168.128.179
1268,Emmerich,Elbourn,eelbourn4n@bandcamp.com,Male,74.153.160.57
1269,Sherwin,Rozenzweig,srozenzweig4o@so-net.ne.jp,Male,43.151.209.231
1270,Henryetta,Wevell,hwevell4p@ehow.com,Female,96.200.202.97
1271,Clarice,Badwick,cbadwick4q@ow.ly,Female,69.199.191.251
1272,Arel,Skullet,askullet4r@icio.us,Male,19.45.9.30
1273,Tuckie,Gillmor,tgillmor4s@nyu.edu,Male,207.35.137.146
1274,Dulce,Alanbrooke,dalanbrooke4t@alexa.com,Female,102.63.128.93
1275,Alexis,Wimlet,awimlet4u@netscape.com,Male,134.78.5.100
1276,Garek,Gibben,ggibben4v@yale.edu,Male,25.66.71.50
1277,Garrard,Guiet,gguiet4w@tmall.com,Male,60.80.57.195
1278,Leopold,Alldred,lalldred4x@about.com,Male,224.227.114.2
1279,Mirna,Hargerie,mhargerie4y@shop-pro.jp,Female,128.129.165.225
1280,Selena,Leadstone,sleadstone4z@gmpg.org,Female,215.176.90.69
1281,Emmaline,Lambertz,elambertz50@icio.us,Female,63.179.22.151
1282,Dody,Ponting,dponting51@desdev.cn,Female,71.66.157.115
1283,Izak,Ullrich,iullrich52@etsy.com,Male,247.11.144.255
1284,Abbott,Wordington,awordington53@about.com,Genderqueer,89.204.39.219
1285,Forest,Biglin,fbiglin54@github.com,Male,124.212.106.84
1286,Olivia,Stute,ostute55@tumblr.com,Female,170.239.3.20
1287,Alanna,Hardacre,ahardacre56@nasa.gov,Non-binary,16.161.198.116
1288,Trevor,Kunrad,tkunrad57@comcast.net,Male,219.95.100.7
1289,Joni,De Cruze,jdecruze58@mashable.com,Female,74.226.150.67
1290,Catrina,Aers,caers59@dion.ne.jp,Female,109.79.161.102
1291,Ashlan,Merryweather,amerryweather5a@comcast.net,Female,123.35.11.11
1292,Kathy,Brugh,kbrugh5b@topsy.com,Female,79.43.230.183
1293,Ninnetta,Warrier,nwarrier5c@shutterfly.com,Genderqueer,117.92.108.146
1294,Valaree,Baudinelli,vbaudinelli5d@smh.com.au,Female,119.108.20.87
1295,Fabe,de Grey,fdegrey5e@liveinternet.ru,Male,58.78.102.236
1296,Hayyim,Beams,hbeams5f@ezinearticles.com,Male,71.98.55.77
1297,Barrett,Langforth,blangforth5g@bizjournals.com,Male,119.0.46.112
1298,Tobit,Fuente,tfuente5h@trellian.com,Male,103.176.181.136
1299,Giffy,Surmeyers,gsurmeyers5i@reference.com,Male,236.199.27.160
1300,Rockey,Corps,rcorps5j@huffingtonpost.com,Male,150.192.34.149
1301,Hamnet,Pauleit,hpauleit5k@shinystat.com,Male,96.44.21.99
1302,Persis,Gianneschi,pgianneschi5l@google.nl,Female,87.127.43.106
1303,Joaquin,Goolden,jgoolden5m@pinterest.com,Male,220.44.102.246
1304,Christopher,Laffin,claffin5n@unicef.org,Male,159.38.74.247
1305,Shel,Mayworth,smayworth5o@ft.com,Female,192.116.15.143
1306,Hilario,Edling,hedling5p@ebay.com,Male,70.25.145.155
1307,Samara,Powdrell,spowdrell5q@nih.gov,Female,90.247.145.182
1308,Shaughn,Waymont,swaymont5r@umich.edu,Male,147.17.192.32
1309,Jania,Doumerc,jdoumerc5s@ihg.com,Female,222.211.88.32
1310,Piggy,Scutter,pscutter5t@artisteer.com,Male,36.110.60.18
1311,Elsy,Blaisdale,eblaisdale5u@marriott.com,Female,214.122.52.184
1312,Salome,Scini,sscini5v@si.edu,Female,130.30.59.53
1313,Lek,Huckster,lhuckster5w@microsoft.com,Male,205.188.25.216
1314,Maia,Blankett,mblankett5x@wordpress.com,Female,208.3.245.49
1315,Christiane,Round,cround5y@ning.com,Female,131.20.14.45
1316,Nikaniki,Bredbury,nbredbury5z@taobao.com,Female,108.126.11.236
1317,Saunder,Westell,swestell60@deviantart.com,Male,131.249.240.2
1318,Gav,Ind,gind61@prnewswire.com,Male,133.241.108.178
1319,Luciano,Ciciari,lciciari62@japanpost.jp,Male,237.222.222.104
1320,Francesca,Phizackerly,fphizackerly63@wunderground.com,Female,34.149.215.65
1321,Inger,Quogan,iquogan64@bbc.co.uk,Female,108.229.247.164
1322,Emylee,Gracewood,egracewood65@marketwatch.com,Female,50.54.204.113
1323,Thedrick,Levensky,tlevensky66@g.co,Male,132.22.81.111
1324,Terza,Renyard,trenyard67@zimbio.com,Female,167.180.145.228
1325,Saidee,Footitt,sfootitt68@dot.gov,Female,12.72.72.105
1326,Adolph,McSperron,amcsperron69@disqus.com,Male,61.25.29.201
1327,Jolie,Ternent,jternent6a@wsj.com,Female,213.216.119.59
1328,Lorettalorna,Sage,lsage6b@alexa.com,Female,163.22.237.14
1329,Brok,Dhenin,bdhenin6c@smh.com.au,Male,4.115.94.196
1330,Collie,McDell,cmcdell6d@smh.com.au,Female,4.65.85.71
1331,Dione,Di Biagi,ddibiagi6e@oakley.com,Female,148.253.236.136
1332,Randy,Jewise,rjewise6f@baidu.com,Female,27.52.68.49
1333,Ginger,Deverille,gdeverille6g@baidu.com,Male,54.231.203.94
1334,Dur,Cozins,dcozins6h@unblog.fr,Male,56.130.70.106
1335,Samara,Abelson,sabelson6i@buzzfeed.com,Female,67.190.230.131
1336,Pyotr,Skeete,pskeete6j@shinystat.com,Male,42.172.119.200
1337,Bordie,Duck,bduck6k@rambler.ru,Male,10.217.238.144
1338,Velma,Dyott,vdyott6l@nydailynews.com,Female,56.168.130.242
1339,Ara,Giamo,agiamo6m@wired.com,Female,135.204.166.224
1340,Konstantine,Lebarree,klebarree6n@rakuten.co.jp,Genderfluid,191.184.214.55
1341,Aurie,Swanger,aswanger6o@dagondesign.com,Female,158.183.147.188
1342,Dru,Sennett,dsennett6p@cornell.edu,Agender,149.94.190.120
1343,Troy,Lightwood,tlightwood6q@delicious.com,Male,145.136.237.241
1344,Sheelagh,Clague,sclague6r@zimbio.com,Female,27.224.118.200
1345,Almeta,Bloxham,abloxham6s@vk.com,Female,219.159.159.188
1346,Vail,Godbert,vgodbert6t@squarespace.com,Male,169.86.134.54
1347,Marji,Maker,mmaker6u@bigcartel.com,Female,81.122.254.179
1348,Bobina,Cayford,bcayford6v@tiny.cc,Female,97.109.210.217
1349,Abraham,Kingswold,akingswold6w@hud.gov,Male,213.174.248.72
1350,Philip,Gundry,pgundry6x@t.co,Male,179.216.171.230
1351,Arley,Schole,aschole6y@seesaa.net,Male,230.25.70.80
1352,Berri,Divine,bdivine6z@histats.com,Female,55.213.175.179
1353,Lanni,Mehmet,lmehmet70@usnews.com,Female,54.123.104.245
1354,Krispin,Keddey,kkeddey71@google.ru,Male,49.4.69.102
1355,Stormi,Wingar,swingar72@123-reg.co.uk,Female,153.198.9.219
1356,Rodd,Pyott,rpyott73@ovh.net,Male,234.84.221.217
1357,Culley,Vondrasek,cvondrasek74@gravatar.com,Male,66.113.191.97
1358,Twila,Pozer,tpozer75@tmall.com,Genderfluid,154.169.4.252
1359,Lorenza,Alwin,lalwin76@buzzfeed.com,Female,169.30.121.230
1360,Kareem,Hounsham,khounsham77@google.de,Male,73.12.78.98
1361,Hermy,Peye,hpeye78@ucla.edu,Male,152.99.50.217
1362,Arney,Candy,acandy79@samsung.com,Male,231.197.26.165
1363,Desmund,Gilliland,dgilliland7a@storify.com,Male,204.117.91.71
1364,Kaycee,Koomar,kkoomar7b@flickr.com,Female,255.34.103.222
1365,Muffin,Hadlow,mhadlow7c@yahoo.co.jp,Non-binary,22.141.41.200
1366,Vevay,Molines,vmolines7d@histats.com,Female,200.45.121.190
1367,Cortney,Fattori,cfattori7e@so-net.ne.jp,Female,73.57.223.216
1368,Tadeo,Headings,theadings7f@howstuffworks.com,Male,81.147.131.231
1369,Giralda,Brevetor,gbrevetor7g@hostgator.com,Female,229.9.169.143
1370,Geoff,Cossum,gcossum7h@elegantthemes.com,Male,37.125.29.94
1371,Tedman,Babber,tbabber7i@indiatimes.com,Male,119.157.132.133
1372,Cullin,Nekrews,cnekrews7j@odnoklassniki.ru,Male,241.232.120.94
1373,Cazzie,Lyons,clyons7k@sbwire.com,Male,93.164.193.60
1374,Hashim,Oosthout de Vree,hoosthoutdevree7l@trellian.com,Male,194.124.60.236
1375,Chev,Tripp,ctripp7m@tuttocitta.it,Male,194.99.86.231
1376,Farrah,Kenner,fkenner7n@reverbnation.com,Female,96.203.73.21
1377,Wendel,Iannetti,wiannetti7o@prlog.org,Male,33.147.248.192
1378,Eduardo,Cullington,ecullington7p@studiopress.com,Male,244.248.169.50
1379,Tabbie,Brik,tbrik7q@cnet.com,Female,167.246.8.39
1380,Wilbert,Blasoni,wblasoni7r@amazon.de,Male,221.2.35.89
1381,Hartley,Portchmouth,hportchmouth7s@histats.com,Male,116.63.146.230
1382,Neron,Pashenkov,npashenkov7t@ehow.com,Male,220.161.221.55
1383,Stearne,Baggelley,sbaggelley7u@taobao.com,Male,18.205.29.5
1384,Gipsy,Halifax,ghalifax7v@guardian.co.uk,Female,196.238.87.109
1385,Junina,Corragan,jcorragan7w@networksolutions.com,Genderqueer,229.116.111.180
1386,Vincent,Theobalds,vtheobalds7x@wikimedia.org,Male,192.37.243.176
1387,Eleanor,Benko,ebenko7y@europa.eu,Female,178.189.82.200
1388,Josias,Stit,jstit7z@irs.gov,Male,247.40.171.77
1389,Chris,Tunstall,ctunstall80@addtoany.com,Male,97.149.218.249
1390,Sheff,Carnalan,scarnalan81@bbb.org,Male,105.130.133.194
1391,Laurice,Duplock,lduplock82@boston.com,Genderfluid,122.78.102.65
1392,Liva,Bissell,lbissell83@shutterfly.com,Female,33.168.190.163
1393,Erl,Edser,eedser84@mlb.com,Bigender,77.251.106.246
1394,Frayda,Jellicorse,fjellicorse85@reuters.com,Female,28.96.87.180
1395,Nan,Whilde,nwhilde86@xrea.com,Female,192.3.31.236
1396,Clifford,Mulcock,cmulcock87@surveymonkey.com,Male,227.111.253.137
1397,Shir,Shayes,sshayes88@virginia.edu,Female,232.139.84.37
1398,Minne,Gepson,mgepson89@infoseek.co.jp,Female,172.33.200.179
1399,Gorden,Chater,gchater8a@zimbio.com,Male,117.74.188.249
1400,Meier,Offa,moffa8b@webs.com,Male,55.35.218.250
1401,Rogers,Ordidge,rordidge8c@psu.edu,Male,57.148.49.112
1402,Trudi,Bartels,tbartels8d@hexun.com,Female,186.172.47.130
1403,Bronson,Lambie,blambie8e@bing.com,Male,138.89.131.196
1404,Shawn,Hamments,shamments8f@nps.gov,Female,209.183.124.112
1405,Clari,Camus,ccamus8g@cnet.com,Female,48.46.78.167
1406,Nikolaus,Chellenham,nchellenham8h@deviantart.com,Male,155.9.49.253
1407,Ranice,Mantle,rmantle8i@businessinsider.com,Female,237.15.152.112
1408,Brigid,Fleischmann,bfleischmann8j@arizona.edu,Female,132.148.237.68
1409,Kippy,Lieb,klieb8k@google.fr,Female,224.29.166.190
1410,Reginald,Reap,rreap8l@nature.com,Male,97.118.149.156
1411,Sibel,Osbidston,sosbidston8m@goo.ne.jp,Female,2.162.129.152
1412,Malinda,Hempel,mhempel8n@craigslist.org,Female,72.192.92.56
1413,Meara,Woolager,mwoolager8o@github.com,Female,174.199.187.196
1414,Jada,Babber,jbabber8p@vinaora.com,Female,89.121.198.147
1415,Chelsea,Demann,cdemann8q@virginia.edu,Non-binary,202.131.203.29
1416,Moina,Cicco,mcicco8r@biblegateway.com,Female,114.11.67.210
1417,Russ,Corde,rcorde8s@miibeian.gov.cn,Male,220.123.3.159
1418,Aurthur,Dowsing,adowsing8t@discuz.net,Male,151.20.201.172
1419,Mateo,Tsarovic,mtsarovic8u@hatena.ne.jp,Agender,217.4.157.106
1420,Karen,Marvell,kmarvell8v@homestead.com,Female,73.173.51.161
1421,Yorke,Whitlow,ywhitlow8w@ycombinator.com,Male,227.1.72.52
1422,Rhetta,Cutting,rcutting8x@cam.ac.uk,Genderqueer,99.4.55.56
1423,Windy,Darkins,wdarkins8y@tmall.com,Female,2.216.209.105
1424,Doretta,Haugeh,dhaugeh8z@oaic.gov.au,Female,82.232.192.223
1425,Rorke,Fleetwood,rfleetwood90@deviantart.com,Male,140.32.180.129
1426,Agneta,Griswood,agriswood91@gnu.org,Female,224.46.196.127
1427,Flor,Keighly,fkeighly92@biblegateway.com,Female,123.34.241.16
1428,Lindy,Monro,lmonro93@ucsd.edu,Female,252.39.80.119
1429,Caesar,Putten,cputten94@patch.com,Male,122.0.121.192
1430,Darby,Delacroix,ddelacroix95@mac.com,Male,37.80.96.141
1431,Rene,Angove,rangove96@tinypic.com,Male,5.68.148.16
1432,Cori,McPaik,cmcpaik97@flickr.com,Female,219.137.246.13
1433,Seumas,Cordner,scordner98@samsung.com,Male,149.40.102.36
1434,Denver,Stain,dstain99@phpbb.com,Bigender,140.192.31.26
1435,Marta,Rossbrook,mrossbrook9a@guardian.co.uk,Female,144.100.139.26
1436,Sherrie,Flanders,sflanders9b@ifeng.com,Female,138.153.169.135
1437,Gisella,Romagosa,gromagosa9c@meetup.com,Female,240.229.9.76
1438,Bink,Hembry,bhembry9d@springer.com,Male,142.205.2.49
1439,Lauritz,Besson,lbesson9e@qq.com,Male,229.248.239.161
1440,Gale,Imeson,gimeson9f@tripod.com,Male,142.204.56.54
1441,Isabella,Bartels,ibartels9g@shareasale.com,Female,199.9.254.20
1442,Meta,Houlridge,mhoulridge9h@mapy.cz,Female,94.238.140.152
1443,Ricardo,Miliffe,rmiliffe9i@wordpress.com,Male,49.154.129.181
1444,Devondra,Skittles,dskittles9j@apache.org,Female,88.213.72.220
1445,Bailey,Mennear,bmennear9k@ovh.net,Male,7.156.140.173
1446,Darrelle,Serginson,dserginson9l@cnn.com,Female,173.31.58.239
1447,Vernice,Oughtright,voughtright9m@ycombinator.com,Female,77.249.221.52
1448,Mureil,Shuker,mshuker9n@yale.edu,Female,30.55.21.163
1449,Marcus,Ivanaev,mivanaev9o@illinois.edu,Genderfluid,134.178.228.203
1450,Jayme,McOrkil,jmcorkil9p@aol.com,Female,120.192.27.45
1451,Honoria,Cominoli,hcominoli9q@odnoklassniki.ru,Female,237.180.7.69
1452,Donny,Pellington,dpellington9r@auda.org.au,Female,60.83.95.252
1453,Gal,Tolchard,gtolchard9s@thetimes.co.uk,Male,231.239.202.151
1454,Bambie,Lynett,blynett9t@lycos.com,Female,252.3.182.21
1455,Tessy,Whitworth,twhitworth9u@wordpress.com,Female,117.32.127.121
1456,Val,Brocklesby,vbrocklesby9v@mac.com,Male,98.21.101.41
1457,Tommy,Goldwater,tgoldwater9w@techcrunch.com,Male,37.143.3.127
1458,Daren,Kemm,dkemm9x@flavors.me,Male,136.55.91.28
1459,Marijo,Chimienti,mchimienti9y@dedecms.com,Female,74.55.207.54
1460,Joelly,Dockery,jdockery9z@sogou.com,Female,241.121.233.92
1461,Kevon,Leneham,klenehama0@sfgate.com,Male,214.83.99.117
1462,Franchot,Rosiello,frosielloa1@scientificamerican.com,Male,11.100.166.226
1463,Sofie,Oag,soaga2@slate.com,Female,64.226.205.25
1464,Cliff,Janew,cjanewa3@histats.com,Male,35.232.102.104
1465,Kathleen,Crass,kcrassa4@ehow.com,Female,52.106.250.126
1466,Ilene,Ferneley,iferneleya5@wikimedia.org,Female,7.166.119.137
1467,Leonie,Levis,llevisa6@163.com,Female,112.245.250.37
1468,Cristionna,Andrichak,candrichaka7@amazon.com,Female,142.82.23.253
1469,Gypsy,MacTeague,gmacteaguea8@cocolog-nifty.com,Female,187.58.64.223
1470,Emilia,Ewbanke,eewbankea9@google.es,Female,24.232.255.181
1471,Christine,Mingey,cmingeyaa@berkeley.edu,Female,62.170.115.45
1472,Elfrieda,Fache,efacheab@hexun.com,Female,58.50.189.20
1473,Stephen,Sandcroft,ssandcroftac@archive.org,Male,153.3.194.129
1474,Quinta,Navan,qnavanad@twitter.com,Female,122.118.6.28
1475,Clerc,Beagley,cbeagleyae@scientificamerican.com,Male,106.156.184.125
1476,Clementine,Coxhell,ccoxhellaf@wikispaces.com,Female,239.86.215.107
1477,Jefferey,Gairdner,jgairdnerag@hibu.com,Male,60.245.165.134
1478,Elizabet,Cowap,ecowapah@hostgator.com,Female,42.202.108.2
1479,Nan,Groomebridge,ngroomebridgeai@census.gov,Female,63.148.201.184
1480,Charleen,Notti,cnottiaj@slate.com,Female,45.253.101.237
1481,Adelbert,Midghall,amidghallak@exblog.jp,Male,136.222.8.103
1482,Blair,Karoly,bkarolyal@wikimedia.org,Male,193.112.141.117
1483,Callie,Pettifer,cpettiferam@soundcloud.com,Female,130.83.76.169
1484,Pate,MacLachlan,pmaclachlanan@shinystat.com,Male,110.94.84.201
1485,Craggy,Bunyan,cbunyanao@cocolog-nifty.com,Male,132.100.233.181
1486,Win,Hackin,whackinap@state.gov,Male,228.228.3.30
1487,Mendie,Eldrid,meldridaq@bigcartel.com,Male,197.212.50.100
1488,Celine,Maypowder,cmaypowderar@utexas.edu,Genderfluid,213.132.30.209
1489,Daven,Grindle,dgrindleas@craigslist.org,Male,179.213.173.231
1490,Malynda,O'Crevan,mocrevanat@vistaprint.com,Female,237.95.106.110
1491,Isaiah,Booler,iboolerau@umich.edu,Male,236.199.173.242
1492,Georgie,Bruggen,gbruggenav@slashdot.org,Male,135.119.209.209
1493,Karol,Imort,kimortaw@ebay.com,Female,78.38.15.42
1494,Patric,Tezure,ptezureax@mail.ru,Male,87.60.2.116
1495,Penny,Formoy,pformoyay@alexa.com,Female,182.218.148.145
1496,Irita,Bullcock,ibullcockaz@howstuffworks.com,Female,139.92.96.207
1497,Nickie,Beckwith,nbeckwithb0@wikispaces.com,Female,131.48.239.161
1498,Kory,Laurance,klauranceb1@vimeo.com,Male,234.243.226.87
1499,Dieter,Pollicatt,dpollicattb2@comsenz.com,Male,242.4.179.129
1500,Dean,Gostyke,dgostykeb3@cnbc.com,Male,70.220.194.4
1501,Tadd,Hawksby,thawksbyb4@examiner.com,Male,183.220.230.52
1502,Cassius,Grestye,cgrestyeb5@adobe.com,Male,29.206.247.190
1503,Roseann,Iacomo,riacomob6@godaddy.com,Female,99.134.127.192
1504,Arman,Ranyard,aranyardb7@nhs.uk,Male,94.10.99.84
1505,Moise,Hubble,mhubbleb8@dropbox.com,Male,23.57.197.158
1506,Isabelita,Walthall,iwalthallb9@newsvine.com,Genderqueer,114.116.154.141
1507,Jeniece,Macro,jmacroba@wired.com,Female,197.167.117.251
1508,Aldric,Perrinchief,aperrinchiefbb@topsy.com,Male,100.91.242.234
1509,Corabelle,Sherry,csherrybc@example.com,Female,12.180.83.188
1510,Jewel,Jearum,jjearumbd@indiegogo.com,Female,181.68.24.233
1511,Tanner,Bouldon,tbouldonbe@hhs.gov,Male,210.180.31.66
1512,Bev,Brownjohn,bbrownjohnbf@reference.com,Female,181.144.5.73
1513,Heloise,Payle,hpaylebg@spiegel.de,Female,85.226.45.175
1514,Ashby,Durgan,adurganbh@ucsd.edu,Male,6.39.180.79
1515,Lucy,Jenken,ljenkenbi@marketwatch.com,Female,47.166.176.228
1516,Hodge,Ellesmere,hellesmerebj@reference.com,Male,230.147.132.184
1517,Adamo,Noon,anoonbk@exblog.jp,Male,93.64.178.168
1518,Thurston,Robshaw,trobshawbl@huffingtonpost.com,Male,77.49.72.195
1519,Karolina,Findlater,kfindlaterbm@yellowpages.com,Female,209.108.69.140
1520,Sylvia,Styche,sstychebn@facebook.com,Female,243.159.226.196
1521,Elinor,Goodson,egoodsonbo@state.gov,Female,93.228.33.213
1522,Justina,Grievson,jgrievsonbp@reuters.com,Female,43.171.53.165
1523,Marena,Gorry,mgorrybq@geocities.com,Female,243.168.182.89
1524,Terese,Connor,tconnorbr@weibo.com,Bigender,36.76.152.250
1525,Noll,Bridgewater,nbridgewaterbs@nbcnews.com,Male,5.196.77.134
1526,Miguelita,Seifenmacher,mseifenmacherbt@myspace.com,Female,96.77.91.65
1527,Godfry,Cowling,gcowlingbu@soup.io,Male,100.209.169.44
1528,Jammie,Corstorphine,jcorstorphinebv@npr.org,Female,186.32.144.176
1529,Paxton,Lanning,planningbw@quantcast.com,Male,60.84.117.193
1530,Jolene,Dhillon,jdhillonbx@sitemeter.com,Female,201.131.48.75
1531,Nerita,Gossage,ngossageby@dell.com,Female,90.166.57.136
1532,Bastian,Rumford,brumfordbz@google.it,Male,187.151.75.149
1533,Eugen,Weeke,eweekec0@cloudflare.com,Male,123.63.47.226
1534,Auberta,Ather,aatherc1@is.gd,Female,63.53.11.184
1535,Cyndy,Joskovitch,cjoskovitchc2@army.mil,Female,128.149.148.164
1536,Harley,Zannuto,hzannutoc3@bloglines.com,Male,196.248.231.11
1537,Spence,Bere,sberec4@yolasite.com,Genderqueer,49.166.195.132
1538,Vincent,Lingley,vlingleyc5@prlog.org,Male,62.193.16.8
1539,Reese,Fillery,rfilleryc6@cbsnews.com,Male,87.116.59.219
1540,Jaye,Rowly,jrowlyc7@gizmodo.com,Bigender,38.9.11.237
1541,Pen,Stennett,pstennettc8@icq.com,Female,189.252.153.164
1542,Jobye,Farra,jfarrac9@fastcompany.com,Genderfluid,110.133.92.41
1543,Ericka,Ellery,eelleryca@creativecommons.org,Female,140.102.195.67
1544,Dulcia,Aldrich,daldrichcb@shareasale.com,Female,241.89.172.67
1545,Caryl,Yurukhin,cyurukhincc@blinklist.com,Male,39.12.135.211
1546,Kally,Jurgenson,kjurgensoncd@redcross.org,Female,14.61.219.112
1547,Josefina,Baildon,jbaildonce@statcounter.com,Female,96.165.98.249
1548,Lenka,Brende,lbrendecf@exblog.jp,Genderqueer,214.126.55.13
1549,Fitzgerald,McCague,fmccaguecg@feedburner.com,Male,210.158.242.190
1550,Leena,Bruyett,lbruyettch@go.com,Female,55.10.5.87
1551,Roseann,Billborough,rbillboroughci@intel.com,Genderfluid,190.181.101.120
1552,Gottfried,Santhouse,gsanthousecj@posterous.com,Male,52.236.9.17
1553,Rianon,Tows,rtowsck@cam.ac.uk,Female,85.170.101.96
1554,Augustine,O'Boyle,aoboylecl@howstuffworks.com,Female,81.224.106.145
1555,Jennee,Scherer,jscherercm@auda.org.au,Female,20.186.30.176
1556,Irwin,Fickling,ificklingcn@sbwire.com,Male,169.225.71.116
1557,Letisha,Carlton,lcarltonco@va.gov,Female,90.239.31.45
1558,Muire,Elegood,melegoodcp@cam.ac.uk,Female,67.5.67.176
1559,Winthrop,Kuban,wkubancq@newyorker.com,Male,166.136.117.85
1560,Janenna,Earie,jeariecr@sogou.com,Genderqueer,102.251.106.62
1561,Andrus,McKearnen,amckearnencs@topsy.com,Male,10.109.180.166
1562,Deana,Semens,dsemensct@wufoo.com,Polygender,116.86.103.61
1563,Jobye,Bewlie,jbewliecu@feedburner.com,Agender,182.75.217.172
1564,Norby,Walklott,nwalklottcv@joomla.org,Male,178.240.218.56
1565,Corrina,Shark,csharkcw@topsy.com,Female,252.115.226.173
1566,Cinda,Kuhnel,ckuhnelcx@acquirethisname.com,Female,175.25.14.162
1567,Heall,Monteith,hmonteithcy@yellowbook.com,Genderfluid,119.233.36.91
1568,Binky,Mathys,bmathyscz@360.cn,Male,247.11.139.185
1569,Ara,Chatell,achatelld0@theglobeandmail.com,Male,139.46.182.139
1570,Tome,Eger,tegerd1@pen.io,Male,169.195.14.242
1571,Wendell,Ingleton,wingletond2@dyndns.org,Bigender,216.28.165.162
1572,Shirley,Henstone,shenstoned3@unblog.fr,Female,97.116.189.199
1573,Dulci,Guidi,dguidid4@stanford.edu,Female,119.21.217.152
1574,Katya,Tineman,ktinemand5@biblegateway.com,Female,190.113.37.222
1575,Quinn,Hewertson,qhewertsond6@addthis.com,Male,138.94.41.109
1576,Frankie,Harnor,fharnord7@livejournal.com,Male,217.53.140.41
1577,Yasmin,Junifer,yjuniferd8@virginia.edu,Agender,236.62.63.200
1578,Thorny,Bicker,tbickerd9@php.net,Male,89.203.61.241
1579,Bink,Hosten,bhostenda@tinyurl.com,Male,241.127.184.22
1580,Alec,Richfield,arichfielddb@theguardian.com,Male,151.77.26.22
1581,Chadd,Cartmael,ccartmaeldc@storify.com,Male,120.79.47.128
1582,Lammond,Sesons,lsesonsdd@dell.com,Male,176.153.38.43
1583,Monro,Wordington,mwordingtonde@addtoany.com,Male,211.92.25.170
1584,Hewe,Lutz,hlutzdf@de.vu,Male,197.47.36.249
1585,Gordy,Orrick,gorrickdg@technorati.com,Male,195.0.210.49
1586,Isobel,Stoile,istoiledh@sphinn.com,Female,25.5.183.80
1587,Huntlee,Trobe,htrobedi@sphinn.com,Male,56.131.194.8
1588,Derry,Jestico,djesticodj@nytimes.com,Male,237.68.208.75
1589,Ernesta,Gronowe,egronowedk@harvard.edu,Female,198.137.89.165
1590,Ellsworth,Bolduc,ebolducdl@adobe.com,Male,77.216.90.137
1591,Sacha,Norbury,snorburydm@ucsd.edu,Female,132.192.45.196
1592,Dex,Bisley,dbisleydn@tiny.cc,Male,22.237.104.251
1593,Keslie,Checchi,kchecchido@a8.net,Female,148.185.255.156
1594,Mile,Kleinstub,mkleinstubdp@mozilla.com,Male,135.249.251.223
1595,Ophelia,Grinikhin,ogrinikhindq@booking.com,Female,173.156.94.254
1596,Ax,Salsbury,asalsburydr@reference.com,Male,117.156.134.51
1597,Averell,Gilvary,agilvaryds@cbc.ca,Male,113.30.38.121
1598,Fara,Domanski,fdomanskidt@tiny.cc,Female,226.10.23.61
1599,Cristy,Jacson,cjacsondu@mayoclinic.com,Female,198.68.137.64
1600,Edna,Coverley,ecoverleydv@amazonaws.com,Non-binary,253.64.20.151
1601,Billye,Lynnitt,blynnittdw@ed.gov,Female,186.230.204.40
1602,Zorina,Hounsome,zhounsomedx@imgur.com,Female,152.217.162.112
1603,Nicolas,McAne,nmcanedy@feedburner.com,Male,160.22.210.42
1604,Victoir,Malster,vmalsterdz@marriott.com,Male,112.139.241.22
1605,Sonnie,Ramelot,sramelote0@addthis.com,Female,234.101.96.24
1606,Elle,Crebo,ecreboe1@cnn.com,Female,49.62.145.13
1607,Manon,Kite,mkitee2@apple.com,Female,121.177.163.151
1608,Rog,Goreisr,rgoreisre3@freewebs.com,Male,252.40.73.77
1609,Denyse,Kaiser,dkaisere4@discuz.net,Female,174.5.253.30
1610,Franchot,Kinnett,fkinnette5@mac.com,Male,73.98.236.199
1611,Damaris,Spiller,dspillere6@usa.gov,Female,129.30.54.147
1612,Lyn,Warner,lwarnere7@digg.com,Male,95.197.42.167
1613,Eddie,Blewett,eblewette8@bravesites.com,Male,252.208.132.98
1614,Cirstoforo,Callaghan,ccallaghane9@cocolog-nifty.com,Male,211.152.211.171
1615,Shandeigh,Raff,sraffea@apple.com,Female,227.117.72.55
1616,Agathe,Pigot,apigoteb@networkadvertising.org,Female,30.62.252.214
1617,Mikey,MacRory,mmacroryec@constantcontact.com,Genderqueer,58.218.185.134
1618,Clay,Widdows,cwiddowsed@gravatar.com,Agender,201.160.16.241
1619,Biddy,Astill,bastillee@blogger.com,Non-binary,84.120.6.125
1620,Clarine,MacClenan,cmacclenanef@quantcast.com,Female,161.254.37.118
1621,Enrika,Matignon,ematignoneg@godaddy.com,Female,73.71.16.166
1622,Stevy,Selwood,sselwoodeh@miibeian.gov.cn,Male,56.93.201.49
1623,Bronnie,Legge,bleggeei@google.ru,Non-binary,197.35.98.205
1624,Eva,Colaton,ecolatonej@guardian.co.uk,Female,152.235.124.151
1625,Pen,Toghill,ptoghillek@xrea.com,Female,101.34.73.169
1626,Rosemarie,Schneidar,rschneidarel@yahoo.co.jp,Female,189.169.172.50
1627,Marsha,Hayne,mhayneem@macromedia.com,Female,35.129.247.177
1628,Drake,Corryer,dcorryeren@surveymonkey.com,Male,68.121.228.181
1629,Nyssa,Brann,nbranneo@reuters.com,Female,233.86.172.29
1630,Gearard,Taveriner,gtaverinerep@harvard.edu,Male,0.133.59.109
1631,Dorita,Wragg,dwraggeq@163.com,Female,155.126.78.49
1632,Devora,Spight,dspighter@whitehouse.gov,Female,122.79.179.27
1633,Maribeth,McCahill,mmccahilles@netlog.com,Female,2.170.42.38
1634,Nataline,Sesser,nsesseret@ask.com,Female,251.87.117.243
1635,Micheal,Balf,mbalfeu@friendfeed.com,Male,183.165.248.146
1636,Averill,Rogeon,arogeonev@prweb.com,Male,29.121.169.73
1637,Kinnie,Soames,ksoamesew@constantcontact.com,Male,152.244.132.245
1638,Sallyann,Mustoo,smustooex@marketwatch.com,Bigender,47.2.144.167
1639,Roberta,Fullard,rfullardey@typepad.com,Female,14.3.246.251
1640,Ferdie,Adlem,fadlemez@xinhuanet.com,Male,206.199.62.53
1641,Quentin,Stanett,qstanettf0@cpanel.net,Male,241.145.167.6
1642,Kira,Frankling,kfranklingf1@indiegogo.com,Female,191.114.213.108
1643,Goddard,Farndell,gfarndellf2@gizmodo.com,Male,62.10.179.80
1644,Natalya,Pedler,npedlerf3@europa.eu,Female,86.94.0.241
1645,Gerardo,Grasser,ggrasserf4@w3.org,Male,235.62.181.76
1646,Evanne,Canty,ecantyf5@themeforest.net,Bigender,99.158.214.234
1647,Job,Quartley,jquartleyf6@yellowpages.com,Male,24.230.126.240
1648,Emmaline,Klulisek,eklulisekf7@alibaba.com,Female,72.77.40.19
1649,Maurizia,Presslie,mpresslief8@ucoz.ru,Female,194.142.64.69
1650,Brigg,Kornel,bkornelf9@independent.co.uk,Male,251.169.86.186
1651,Winne,Sara,wsarafa@behance.net,Bigender,175.184.41.82
1652,Kata,Cayette,kcayettefb@wikimedia.org,Genderqueer,182.80.156.0
1653,Fitz,Mc Gorley,fmcgorleyfc@constantcontact.com,Male,69.119.207.179
1654,Aura,Dunseath,adunseathfd@histats.com,Female,251.132.121.110
1655,Bell,Gorner,bgornerfe@mlb.com,Female,2.24.71.200
1656,Honey,Costan,hcostanff@deliciousdays.com,Female,200.18.109.180
1657,Perrine,Tomasini,ptomasinifg@oracle.com,Female,58.15.2.229
1658,Angel,Birmingham,abirminghamfh@sohu.com,Male,38.246.238.246
1659,Rosamund,Empson,rempsonfi@unc.edu,Agender,171.253.246.109
1660,Aldrich,Cope,acopefj@unblog.fr,Male,24.1.179.124
1661,Loydie,Barbosa,lbarbosafk@unicef.org,Male,78.1.194.180
1662,Brade,Harbin,bharbinfl@networksolutions.com,Male,213.44.131.57
1663,De witt,Bronot,dbronotfm@auda.org.au,Male,191.16.139.149
1664,Ruttger,Eykel,reykelfn@xrea.com,Polygender,36.157.122.123
1665,Bil,Dibdin,bdibdinfo@twitpic.com,Male,201.139.224.110
1666,Judd,Cavey,jcaveyfp@google.it,Male,182.237.234.129
1667,Jo,Regus,jregusfq@narod.ru,Female,70.128.55.126
1668,Jamil,Dandison,jdandisonfr@photobucket.com,Genderqueer,59.228.93.80
1669,Arden,Lorincz,alorinczfs@nytimes.com,Female,54.56.234.47
1670,Vick,Troman,vtromanft@163.com,Male,227.83.69.111
1671,Shaughn,Gwinnett,sgwinnettfu@who.int,Genderqueer,224.227.37.157
1672,Estele,Stile,estilefv@yelp.com,Female,227.168.93.66
1673,Nerte,Considine,nconsidinefw@businessweek.com,Female,58.113.23.100
1674,Elsey,Borless,eborlessfx@youtu.be,Female,127.133.228.127
1675,Evin,Zarfati,ezarfatify@nsw.gov.au,Male,185.65.175.69
1676,Henry,Cornell,hcornellfz@edublogs.org,Male,34.5.194.23
1677,Arther,Ashwell,aashwellg0@reuters.com,Male,139.1.179.138
1678,Kerby,Leggatt,kleggattg1@g.co,Male,122.247.246.111
1679,Fanya,Hobson,fhobsong2@tripod.com,Female,36.227.67.56
1680,Hogan,Cloutt,hclouttg3@businesswire.com,Non-binary,225.57.164.29
1681,Ilene,Voce,ivoceg4@economist.com,Bigender,125.103.27.85
1682,Agosto,Dutnell,adutnellg5@eventbrite.com,Male,125.53.43.41
1683,Markus,Kuhl,mkuhlg6@telegraph.co.uk,Male,48.104.184.112
1684,Bernadene,Goatman,bgoatmang7@stanford.edu,Female,78.87.255.94
1685,Shepherd,Le Gall,slegallg8@bbb.org,Male,196.165.142.175
1686,Frank,Lodemann,flodemanng9@github.io,Male,26.207.40.86
1687,Jamesy,Lydford,jlydfordga@nymag.com,Male,156.44.151.194
1688,Brynn,Binham,bbinhamgb@netscape.com,Female,202.140.64.69
1689,Putnam,Gabbitus,pgabbitusgc@twitter.com,Male,92.225.6.19
1690,Johna,Penburton,jpenburtongd@bizjournals.com,Female,36.102.114.53
1691,Annamarie,Iseton,aisetonge@bloomberg.com,Female,13.206.99.11
1692,Elia,Kryzhov,ekryzhovgf@etsy.com,Male,209.106.182.10
1693,Tanner,Edlyn,tedlyngg@xinhuanet.com,Male,202.165.190.30
1694,Shelby,Julien,sjuliengh@yandex.ru,Female,118.119.185.17
1695,Ive,Digweed,idigweedgi@telegraph.co.uk,Male,80.64.100.67
1696,Amby,Da Costa,adacostagj@hostgator.com,Male,147.198.59.77
1697,Almeda,Hearle,ahearlegk@usatoday.com,Female,25.180.125.7
1698,Waiter,Reame,wreamegl@slashdot.org,Male,176.224.118.173
1699,Sumner,Schoenfisch,sschoenfischgm@cisco.com,Male,33.194.192.21
1700,Marjory,Cherry,mcherrygn@edublogs.org,Female,140.49.143.13
1701,Erica,Broxton,ebroxtongo@buzzfeed.com,Female,57.173.80.37
1702,Alfie,Maskall,amaskallgp@newsvine.com,Female,207.210.31.182
1703,Joann,Thewlis,jthewlisgq@vinaora.com,Female,73.92.155.66
1704,Amity,Kenwood,akenwoodgr@foxnews.com,Female,84.62.255.67
1705,Jeanelle,Gamett,jgamettgs@over-blog.com,Female,204.16.15.111
1706,Noami,Wann,nwanngt@adobe.com,Female,174.186.36.199
1707,Rosanna,Brickstock,rbrickstockgu@ustream.tv,Female,82.223.90.219
1708,Selig,Ganiclef,sganiclefgv@japanpost.jp,Agender,125.175.107.115
1709,Virgilio,Jahn,vjahngw@stumbleupon.com,Male,38.208.119.119
1710,Mackenzie,Bramham,mbramhamgx@flickr.com,Male,151.91.55.109
1711,Mellie,Bastock,mbastockgy@dedecms.com,Female,70.4.240.55
1712,Elliott,McMillan,emcmillangz@histats.com,Male,226.48.144.245
1713,Murry,Ledwitch,mledwitchh0@archive.org,Male,129.145.49.42
1714,Tedd,Storror,tstorrorh1@forbes.com,Male,183.210.125.150
1715,Shermie,Dunan,sdunanh2@biblegateway.com,Male,66.65.30.13
1716,Drucie,Roels,droelsh3@netscape.com,Non-binary,224.230.228.147
1717,Jennee,Seabourne,jseabourneh4@acquirethisname.com,Female,12.12.11.74
1718,Junia,Carillo,jcarilloh5@google.com,Polygender,82.128.136.58
1719,Orion,Hammer,ohammerh6@hugedomains.com,Male,132.106.254.202
1720,Brigham,Flannery,bflanneryh7@etsy.com,Male,34.173.235.197
1721,Blayne,McAnalley,bmcanalleyh8@usgs.gov,Male,18.117.49.243
1722,Perry,Legat,plegath9@woothemes.com,Female,226.158.197.161
1723,Vinny,Costell,vcostellha@usa.gov,Female,19.113.209.173
1724,Persis,Wolford,pwolfordhb@photobucket.com,Female,33.208.44.233
1725,Nadiya,Taylot,ntaylothc@photobucket.com,Genderfluid,75.159.187.255
1726,Rosalinda,Mowday,rmowdayhd@cisco.com,Female,27.21.115.144
1727,Elsworth,Jennions,ejennionshe@a8.net,Male,243.205.193.227
1728,Giacopo,Laslett,glasletthf@moonfruit.com,Male,70.115.149.137
1729,Martainn,Twohig,mtwohighg@cdc.gov,Male,42.2.156.69
1730,Delmer,Worsnip,dworsniphh@msu.edu,Male,161.78.104.77
1731,Sukey,Meak,smeakhi@chron.com,Female,109.181.219.119
1732,Karl,Colledge,kcolledgehj@mapquest.com,Male,34.115.129.49
1733,Winny,Pendlebery,wpendleberyhk@naver.com,Male,191.100.155.9
1734,Cacilie,Dewhurst,cdewhursthl@cornell.edu,Female,124.181.29.242
1735,Lowell,Lardner,llardnerhm@marriott.com,Male,43.111.213.51
1736,Eveline,Dranfield,edranfieldhn@amazon.co.uk,Female,201.247.13.168
1737,Randolph,Lugden,rlugdenho@google.co.uk,Male,239.153.17.107
1738,Sterling,Smiz,ssmizhp@zimbio.com,Male,158.54.128.31
1739,Bev,Brearty,bbreartyhq@live.com,Female,62.84.128.153
1740,Ram,Orrill,rorrillhr@washingtonpost.com,Male,39.28.11.2
1741,Hattie,Broy,hbroyhs@yale.edu,Female,208.65.234.52
1742,Nissie,Lacheze,nlachezeht@phoca.cz,Female,52.230.35.125
1743,Alan,Peeters,apeetershu@narod.ru,Male,140.186.231.83
1744,Cornelle,Whitland,cwhitlandhv@constantcontact.com,Female,156.254.125.49
1745,Denny,Incogna,dincognahw@loc.gov,Male,176.83.73.251
1746,Harlene,Carbery,hcarberyhx@mapquest.com,Female,248.106.159.20
1747,Jeannie,Glowach,jglowachhy@comsenz.com,Female,242.81.183.192
1748,Brigg,Tradewell,btradewellhz@ca.gov,Male,173.234.42.26
1749,Stafford,Wilbor,swilbori0@weibo.com,Male,223.92.135.176
1750,Kimberlee,Andryushchenko,kandryushchenkoi1@goo.ne.jp,Female,98.135.134.255
1751,Hedvig,Mosco,hmoscoi2@ycombinator.com,Female,17.51.231.238
1752,Powell,MacIllrick,pmacillricki3@spotify.com,Male,201.190.244.80
1753,Bellanca,Brugden,bbrugdeni4@wiley.com,Female,196.11.237.93
1754,Tally,Doidge,tdoidgei5@exblog.jp,Female,220.160.148.55
1755,Urbain,Alenshev,ualenshevi6@google.co.jp,Male,231.174.193.255
1756,Ania,Newbery,anewberyi7@mysql.com,Female,124.195.94.211
1757,Wilburt,Lafay,wlafayi8@ft.com,Non-binary,49.17.69.75
1758,Kiersten,Beddis,kbeddisi9@dailymotion.com,Genderqueer,249.169.14.122
1759,Jamison,Carrell,jcarrellia@about.com,Male,152.200.225.71
1760,Lizette,Synnott,lsynnottib@wikipedia.org,Female,16.139.116.48
1761,Angus,Maric,amaricic@tumblr.com,Male,75.24.55.202
1762,Uta,Lippiett,ulippiettid@youtu.be,Female,144.243.26.99
1763,Jedd,Coltan,jcoltanie@xinhuanet.com,Male,238.132.210.120
1764,Candra,Le Conte,cleconteif@hexun.com,Female,163.165.86.38
1765,Otho,Dennis,odennisig@bloglovin.com,Polygender,193.176.239.187
1766,Celine,Benian,cbenianih@lycos.com,Female,216.149.174.34
1767,Waldon,St Angel,wstangelii@blogspot.com,Male,47.160.141.11
1768,Opal,Giacomello,ogiacomelloij@admin.ch,Female,155.143.18.199
1769,Sharyl,Bramelt,sbrameltik@adobe.com,Female,233.42.202.80
1770,Barbette,Weatherhead,bweatherheadil@wsj.com,Female,116.252.22.15
1771,Ingaborg,Burgne,iburgneim@wiley.com,Female,161.199.40.240
1772,Amii,Crease,acreasein@homestead.com,Genderqueer,144.54.139.13
1773,Lorain,Reven,lrevenio@blog.com,Female,74.216.9.66
1774,Tommi,Eves,tevesip@dyndns.org,Female,247.203.155.42
1775,Jessie,Bubbear,jbubbeariq@github.com,Male,173.149.239.153
1776,Gregorio,Bilbee,gbilbeeir@scientificamerican.com,Male,219.141.163.11
1777,Terza,Cregg,tcreggis@xrea.com,Female,55.251.72.253
1778,Giustino,Joysey,gjoyseyit@cisco.com,Male,66.219.90.131
1779,Fernando,Brasener,fbraseneriu@cdbaby.com,Polygender,217.253.108.135
1780,Paddie,Adicot,padicotiv@pagesperso-orange.fr,Male,131.145.133.221
1781,Daria,Blight,dblightiw@berkeley.edu,Female,112.248.164.181
1782,Ingrim,Poundford,ipoundfordix@home.pl,Bigender,150.181.20.215
1783,Thomasina,Pettifor,tpettiforiy@shop-pro.jp,Female,84.181.120.238
1784,Kaylyn,Belleny,kbellenyiz@twitpic.com,Female,212.70.164.161
1785,Stevy,Bussel,sbusselj0@aol.com,Male,58.247.57.106
1786,Minda,Rielly,mriellyj1@ovh.net,Female,48.209.72.52
1787,Clemens,Tunnah,ctunnahj2@rakuten.co.jp,Male,185.46.44.63
1788,Sybilla,Finney,sfinneyj3@yale.edu,Female,28.5.229.15
1789,Eduard,Maxwale,emaxwalej4@mlb.com,Male,48.26.226.18
1790,Inglebert,Figin,ifiginj5@netvibes.com,Male,176.232.179.161
1791,Carrie,Pudan,cpudanj6@acquirethisname.com,Female,32.189.122.53
1792,Shayla,Cumine,scuminej7@stanford.edu,Female,98.171.84.213
1793,Gay,Sheber,gsheberj8@infoseek.co.jp,Male,235.161.106.10
1794,Brendan,Wallas,bwallasj9@edublogs.org,Male,135.203.199.26
1795,Shayla,Ziems,sziemsja@jugem.jp,Female,143.62.234.135
1796,Valida,Dollman,vdollmanjb@dmoz.org,Female,109.207.84.222
1797,Sid,Meaddowcroft,smeaddowcroftjc@cnbc.com,Bigender,79.219.147.253
1798,Vivia,Crippill,vcrippilljd@arstechnica.com,Female,32.32.36.29
1799,Chalmers,Kops,ckopsje@wired.com,Male,53.130.159.66
1800,De,Khalid,dkhalidjf@sogou.com,Female,241.116.16.147
1801,Kenon,Sapwell,ksapwelljg@reference.com,Bigender,253.63.15.89
1802,Jillane,Wrout,jwroutjh@friendfeed.com,Genderfluid,158.6.156.106
1803,Tonya,Hopfer,thopferji@rakuten.co.jp,Female,51.177.240.91
1804,Bertram,Candish,bcandishjj@state.gov,Male,40.241.160.208
1805,Matias,Palle,mpallejk@163.com,Male,205.64.68.150
1806,Emily,Skittrell,eskittrelljl@senate.gov,Female,245.15.81.10
1807,Gabbie,Pittendreigh,gpittendreighjm@nba.com,Female,119.197.98.185
1808,Lian,Blumer,lblumerjn@bigcartel.com,Female,156.204.162.230
1809,Jayme,Heathcoat,jheathcoatjo@topsy.com,Female,21.53.101.199
1810,Flor,Caukill,fcaukilljp@who.int,Female,39.135.44.72
1811,Arther,Ribeiro,aribeirojq@accuweather.com,Male,130.34.226.237
1812,Edsel,Summerfield,esummerfieldjr@prlog.org,Male,27.226.216.253
1813,Corissa,Rowan,crowanjs@tamu.edu,Female,244.62.91.50
1814,Joanie,MacCoughen,jmaccoughenjt@forbes.com,Female,8.212.103.30
1815,Donal,Paliser,dpaliserju@1688.com,Male,71.98.75.137
1816,Donelle,Alen,dalenjv@senate.gov,Female,254.194.216.92
1817,Towney,Nani,tnanijw@marketwatch.com,Male,51.136.129.3
1818,Janel,Rogans,jrogansjx@skype.com,Female,142.75.109.182
1819,Viki,Coomber,vcoomberjy@jugem.jp,Female,211.252.12.170
1820,Harriet,Palfery,hpalferyjz@netlog.com,Female,14.55.63.85
1821,Beckie,Semper,bsemperk0@google.com.au,Female,28.146.140.108
1822,Jessee,Gonoude,jgonoudek1@mail.ru,Male,134.143.54.88
1823,Veronica,Oakenford,voakenfordk2@is.gd,Female,130.63.152.178
1824,Hakim,Vanichkin,hvanichkink3@pbs.org,Male,32.117.116.56
1825,Hedwig,Eastgate,heastgatek4@cargocollective.com,Female,65.150.67.244
1826,Irwin,Bilson,ibilsonk5@loc.gov,Male,62.229.150.188
1827,Ulises,Lohan,ulohank6@furl.net,Male,195.175.86.126
1828,Mohandas,Edge,medgek7@youku.com,Male,253.38.246.222
1829,Roxy,Mummery,rmummeryk8@privacy.gov.au,Female,221.111.102.103
1830,Flem,Davidovics,fdavidovicsk9@ucoz.com,Genderfluid,105.94.26.160
1831,Urbanus,Tripon,utriponka@mozilla.com,Male,114.156.229.28
1832,Marrissa,Farrow,mfarrowkb@intel.com,Female,187.12.6.246
1833,Andris,Dacca,adaccakc@toplist.cz,Male,158.141.179.89
1834,Marion,Ginnelly,mginnellykd@google.cn,Non-binary,211.75.186.184
1835,Ludwig,Yakushkin,lyakushkinke@seattletimes.com,Male,225.188.157.216
1836,Burtie,Moralee,bmoraleekf@xing.com,Male,175.195.131.151
1837,Rosamund,Imlock,rimlockkg@ustream.tv,Female,120.163.147.230
1838,Wally,Van Halen,wvanhalenkh@wix.com,Female,207.18.151.44
1839,Mohammed,Wrangle,mwrangleki@dyndns.org,Male,176.152.118.234
1840,Alyssa,Connock,aconnockkj@theatlantic.com,Female,53.220.112.89
1841,Honor,Milbourn,hmilbournkk@google.com.hk,Female,6.248.207.165
1842,Kim,Dudmarsh,kdudmarshkl@techcrunch.com,Male,11.117.132.146
1843,Remy,McKendo,rmckendokm@ehow.com,Female,121.142.99.56
1844,Ingmar,Maruszewski,imaruszewskikn@paginegialle.it,Male,89.23.47.176
1845,Shaun,Woodruffe,swoodruffeko@deviantart.com,Male,116.248.9.20
1846,Margette,Katz,mkatzkp@mtv.com,Genderqueer,51.202.137.251
1847,Barr,Coda,bcodakq@japanpost.jp,Male,45.95.68.83
1848,Cherianne,Waycott,cwaycottkr@constantcontact.com,Female,142.138.46.71
1849,Delmore,Clemenzi,dclemenziks@oakley.com,Male,152.104.38.215
1850,Justen,Yeatman,jyeatmankt@elegantthemes.com,Male,227.153.220.170
1851,Marybelle,Vandrill,mvandrillku@wikispaces.com,Female,225.10.54.235
1852,Kingston,Sanger,ksangerkv@xing.com,Male,32.36.63.148
1853,Vannie,Coveny,vcovenykw@symantec.com,Female,167.104.250.131
1854,Adina,Waddilove,awaddilovekx@tamu.edu,Female,126.118.166.41
1855,Elianora,Cockill,ecockillky@sfgate.com,Female,230.34.16.191
1856,Selene,Ciccerale,scicceralekz@ox.ac.uk,Female,130.17.55.71
1857,Nesta,Hambridge,nhambridgel0@clickbank.net,Female,152.47.221.142
1858,Kandace,Benzing,kbenzingl1@yellowbook.com,Female,81.129.30.192
1859,Marisa,Firbank,mfirbankl2@shinystat.com,Female,235.209.159.107
1860,Felicle,Sillis,fsillisl3@pbs.org,Female,28.18.89.213
1861,Ulrich,Jakeman,ujakemanl4@earthlink.net,Male,234.61.138.198
1862,Vittoria,De Cruce,vdecrucel5@youtube.com,Female,8.230.253.86
1863,Wood,Pett,wpettl6@sphinn.com,Male,236.50.235.23
1864,Tiphanie,Easby,teasbyl7@theglobeandmail.com,Female,97.91.59.255
1865,Darcey,O'Day,dodayl8@disqus.com,Female,91.201.65.122
1866,Lucas,Longworthy,llongworthyl9@boston.com,Male,99.153.59.65
1867,Chev,Nickless,cnicklessla@mapquest.com,Male,20.104.163.190
1868,Emelita,Hanbridge,ehanbridgelb@sogou.com,Female,136.239.81.74
1869,Tab,Kenvin,tkenvinlc@linkedin.com,Male,101.13.173.179
1870,Rorke,Greger,rgregerld@xrea.com,Male,191.79.156.226
1871,Nico,Kelledy,nkelledyle@fc2.com,Male,157.93.1.117
1872,Vasilis,Pegden,vpegdenlf@diigo.com,Male,253.231.246.195
1873,Latisha,Kynnd,lkynndlg@admin.ch,Female,245.124.53.52
1874,Pammie,Grieves,pgrieveslh@weebly.com,Female,18.108.207.54
1875,Max,Berzin,mberzinli@google.nl,Male,240.0.230.218
1876,Karlen,Clarabut,kclarabutlj@google.com.hk,Female,33.15.49.149
1877,Scarlet,Murrthum,smurrthumlk@samsung.com,Polygender,154.139.33.194
1878,Delly,Guirard,dguirardll@jimdo.com,Female,175.229.133.16
1879,Berget,Fould,bfouldlm@nymag.com,Bigender,141.111.103.95
1880,Wilhelmina,Durkin,wdurkinln@chicagotribune.com,Female,18.252.92.186
1881,Stirling,Rodolphe,srodolphelo@eventbrite.com,Male,100.204.151.44
1882,Corey,Rodge,crodgelp@sfgate.com,Female,174.81.104.212
1883,Pen,Treadger,ptreadgerlq@howstuffworks.com,Female,14.189.242.86
1884,Karry,Licciardello,klicciardellolr@geocities.jp,Female,44.216.90.159
1885,Micheal,Espinola,mespinolals@xrea.com,Male,212.48.13.184
1886,Olivero,Widdup,owidduplt@reuters.com,Male,198.86.126.23
1887,Papageno,O'Lagen,polagenlu@discovery.com,Male,134.217.19.254
1888,Pattie,Traite,ptraitelv@imdb.com,Male,109.31.208.221
1889,Tierney,Brise,tbriselw@mapquest.com,Female,187.241.252.94
1890,Kahaleel,Hall-Gough,khallgoughlx@php.net,Male,73.121.247.90
1891,Rickie,Shilston,rshilstonly@1688.com,Male,240.222.147.98
1892,Mab,Kervin,mkervinlz@engadget.com,Female,144.244.44.99
1893,Lucais,Symones,lsymonesm0@ustream.tv,Male,151.164.185.80
1894,Joachim,Rosenwald,jrosenwaldm1@cbslocal.com,Male,238.179.185.221
1895,Clim,Ronald,cronaldm2@mapy.cz,Male,82.107.7.245
1896,Ursuline,Gooda,ugoodam3@hao123.com,Female,122.68.21.223
1897,Kevyn,Appleton,kappletonm4@163.com,Female,7.109.21.50
1898,Meghann,Paley,mpaleym5@businesswire.com,Female,48.177.202.254
1899,Zacharie,Pattington,zpattingtonm6@tinypic.com,Male,60.71.1.222
1900,Collette,Easom,ceasomm7@sphinn.com,Female,187.84.81.220
1901,Blair,Southwood,bsouthwoodm8@msu.edu,Female,79.230.90.154
1902,Danit,Keling,dkelingm9@quantcast.com,Female,119.188.245.152
1903,Zedekiah,Nizard,znizardma@jiathis.com,Male,86.53.222.47
1904,Milt,Hornig,mhornigmb@goodreads.com,Male,142.186.193.213
1905,Mechelle,Skeel,mskeelmc@sciencedaily.com,Female,127.60.120.72
1906,Sybila,Sex,ssexmd@biglobe.ne.jp,Female,54.37.19.80
1907,Dominique,Traynor,dtraynorme@examiner.com,Male,141.68.66.171
1908,Iggy,Link,ilinkmf@360.cn,Male,62.49.198.122
1909,Querida,Klimkiewich,qklimkiewichmg@telegraph.co.uk,Female,49.180.51.82
1910,Saloma,Finlator,sfinlatormh@sfgate.com,Female,98.253.224.218
1911,Oralie,de Guise,odeguisemi@princeton.edu,Female,209.91.99.177
1912,Yetta,McLaggan,ymclagganmj@live.com,Female,79.61.34.107
1913,Keelby,Fibben,kfibbenmk@freewebs.com,Male,31.42.87.82
1914,Reinaldos,Pucknell,rpucknellml@ibm.com,Male,37.222.229.147
1915,Matias,Cattach,mcattachmm@dailymotion.com,Male,26.79.18.113
1916,Cassandra,Mellody,cmellodymn@time.com,Female,27.215.52.56
1917,Katha,Del Castello,kdelcastellomo@economist.com,Female,191.25.89.119
1918,Lorenzo,Pandey,lpandeymp@thetimes.co.uk,Male,2.170.186.181
1919,Ewart,Clamp,eclampmq@ox.ac.uk,Male,185.134.120.179
1920,Corbet,Stokey,cstokeymr@engadget.com,Male,199.240.235.253
1921,Archaimbaud,Astupenas,aastupenasms@blog.com,Male,252.12.155.111
1922,Micheal,Dungee,mdungeemt@cbslocal.com,Male,72.174.33.43
1923,Ulrica,Lambdon,ulambdonmu@washington.edu,Female,169.83.178.47
1924,Isabelita,Trevance,itrevancemv@nationalgeographic.com,Female,115.2.124.204
1925,Odelle,Hellmore,ohellmoremw@google.co.uk,Female,183.160.135.211
1926,April,Fosse,afossemx@theatlantic.com,Female,118.22.0.204
1927,Callean,Maxstead,cmaxsteadmy@desdev.cn,Male,9.88.207.122
1928,Sandy,Steely,ssteelymz@prnewswire.com,Female,94.134.201.204
1929,Gustav,MacGettigen,gmacgettigenn0@bigcartel.com,Male,218.62.160.87
1930,Brina,Saura,bsauran1@miitbeian.gov.cn,Female,51.221.217.225
1931,Stanislaw,Oleksinski,soleksinskin2@aboutads.info,Male,161.90.92.125
1932,Lombard,Aspin,laspinn3@linkedin.com,Male,9.89.141.210
1933,Ernaline,Depka,edepkan4@patch.com,Female,17.197.69.231
1934,Malissa,von Hagt,mvonhagtn5@china.com.cn,Female,243.59.13.152
1935,Marylin,Staziker,mstazikern6@prnewswire.com,Female,106.161.124.102
1936,Sapphire,Menhci,smenhcin7@fc2.com,Female,171.106.162.72
1937,Clementine,Meere,cmeeren8@techcrunch.com,Female,231.40.178.201
1938,Antone,Behan,abehann9@tripadvisor.com,Male,115.9.162.95
1939,Winn,Verlinden,wverlindenna@pen.io,Male,110.34.41.201
1940,Ellissa,Gyngyll,egyngyllnb@nytimes.com,Female,88.178.101.66
1941,Reeta,Sebert,rsebertnc@rediff.com,Female,209.52.41.208
1942,Rolph,Stanyard,rstanyardnd@sogou.com,Male,152.7.88.174
1943,Sebastian,Stickins,sstickinsne@networkadvertising.org,Male,171.131.195.157
1944,Ferdinande,Yesson,fyessonnf@umn.edu,Female,20.54.227.9
1945,Cordi,Grisard,cgrisardng@ucsd.edu,Female,43.241.13.22
1946,Tore,Troubridge,ttroubridgenh@blogtalkradio.com,Male,98.199.34.112
1947,Judi,Carwithan,jcarwithanni@ezinearticles.com,Female,166.239.65.215
1948,Gracie,Scinelli,gscinellinj@blogger.com,Female,146.187.100.21
1949,Horatio,Drewes,hdrewesnk@oaic.gov.au,Male,201.9.39.156
1950,Karie,Westmacott,kwestmacottnl@tripod.com,Female,88.112.3.200
1951,Con,Lumley,clumleynm@blinklist.com,Female,4.242.113.52
1952,Wright,Fulmen,wfulmennn@wsj.com,Male,189.13.69.20
1953,Michale,Stansbury,mstansburyno@diigo.com,Male,125.129.13.78
1954,Sim,Fausset,sfaussetnp@trellian.com,Male,233.222.25.47
1955,Timmy,Feeney,tfeeneynq@ovh.net,Female,216.51.118.47
1956,Urbano,Clemmensen,uclemmensennr@springer.com,Male,73.255.128.162
1957,Carroll,Sellers,csellersns@mail.ru,Female,107.17.94.232
1958,Karmen,Milam,kmilamnt@paginegialle.it,Female,54.101.72.53
1959,Paton,Dedney,pdedneynu@myspace.com,Male,166.121.230.177
1960,Ethelda,Jouning,ejouningnv@harvard.edu,Female,58.14.104.187
1961,Heywood,Calbert,hcalbertnw@businessweek.com,Male,134.128.101.74
1962,Bernard,Ilyas,bilyasnx@accuweather.com,Genderfluid,157.90.2.103
1963,Melosa,Denson,mdensonny@sfgate.com,Female,247.241.61.236
1964,Cherin,Mullaly,cmullalynz@youku.com,Polygender,139.241.216.163
1965,Cobby,Higgen,chiggeno0@aboutads.info,Male,120.38.130.79
1966,Sanders,Dupree,sdupreeo1@bbb.org,Male,236.125.62.249
1967,Rahel,Sheed,rsheedo2@tiny.cc,Female,203.142.138.157
1968,Dean,Spain-Gower,dspaingowero3@flavors.me,Male,200.35.26.152
1969,Molly,Cherm,mchermo4@pen.io,Female,55.214.185.128
1970,Winny,Futter,wfuttero5@weebly.com,Female,219.247.82.76
1971,Deane,Renforth,drenfortho6@wiley.com,Bigender,88.57.28.27
1972,Oswell,Leachman,oleachmano7@angelfire.com,Male,32.110.105.189
1973,Erina,Dobrovolski,edobrovolskio8@webeden.co.uk,Female,244.215.118.99
1974,My,Jesteco,mjestecoo9@un.org,Male,171.203.112.193
1975,Anatollo,Makepeace,amakepeaceoa@apple.com,Male,102.81.66.193
1976,Kinsley,Sentinella,ksentinellaob@pagesperso-orange.fr,Male,10.58.150.129
1977,Gizela,Cossom,gcossomoc@cdc.gov,Female,255.12.207.104
1978,Puff,Crowch,pcrowchod@reddit.com,Male,42.221.13.199
1979,Ravi,Leask,rleaskoe@addthis.com,Male,247.169.45.81
1980,Harlin,Farahar,hfaraharof@soup.io,Male,164.184.135.194
1981,Nickolas,Goodsell,ngoodsellog@mozilla.org,Male,151.212.71.9
1982,Billie,Viccary,bviccaryoh@yellowbook.com,Male,224.187.49.59
1983,Rickie,Botton,rbottonoi@sitemeter.com,Male,64.4.164.119
1984,Esme,Doeg,edoegoj@instagram.com,Agender,195.121.189.95
1985,Sara,Mirfin,smirfinok@youku.com,Female,248.157.69.63
1986,Brent,Edmed,bedmedol@wordpress.org,Male,164.123.159.124
1987,Ravid,Arsmith,rarsmithom@google.com.au,Male,220.226.136.213
1988,Gerek,Hollow,ghollowon@ucoz.com,Male,138.142.27.38
1989,Seumas,Emblen,semblenoo@dailymotion.com,Male,127.68.6.200
1990,Sharai,McKeighan,smckeighanop@alexa.com,Female,59.189.44.1
1991,Cyrus,Cohane,ccohaneoq@apache.org,Male,198.52.173.33
1992,Glenden,Avey,gaveyor@sun.com,Male,75.217.47.215
1993,George,Benallack,gbenallackos@tripadvisor.com,Male,177.161.143.52
1994,Che,Jailler,cjaillerot@ow.ly,Male,128.95.60.126
1995,Hastie,Palmar,hpalmarou@gnu.org,Male,138.26.252.13
1996,Angus,Llywarch,allywarchov@deviantart.com,Male,226.44.67.78
1997,Morse,O'Hoolahan,mohoolahanow@cisco.com,Male,247.215.66.50
1998,Ondrea,Oleksinski,ooleksinskiox@360.cn,Female,142.99.4.51
1999,Pepito,O'Beirne,pobeirneoy@infoseek.co.jp,Male,145.175.207.118
2000,Desi,Flaxon,dflaxonoz@slideshare.net,Male,161.135.132.7
2001,Whitby,McGaugie,wmcgaugiep0@ezinearticles.com,Male,30.77.60.97
2002,Vic,Babb,vbabbp1@state.tx.us,Male,51.61.219.97
2003,Elberta,Linke,elinkep2@ox.ac.uk,Female,56.114.108.231
2004,Winslow,Messiter,wmessiterp3@vistaprint.com,Male,187.232.164.57
2005,Ricard,Zorener,rzorenerp4@telegraph.co.uk,Male,46.107.176.165
2006,Jodi,Mapledoram,jmapledoramp5@wufoo.com,Male,123.247.238.187
2007,Zelda,Atcherley,zatcherleyp6@abc.net.au,Polygender,152.156.59.118
2008,Jessie,Cockhill,jcockhillp7@npr.org,Genderfluid,130.142.186.36
2009,Aile,Scrane,ascranep8@bing.com,Agender,147.132.61.199
2010,Esta,Blyth,eblythp9@4shared.com,Female,144.110.64.191
2011,Brigg,Mayhow,bmayhowpa@xinhuanet.com,Male,211.141.136.230
2012,Zoe,Raikes,zraikespb@sciencedirect.com,Bigender,243.143.216.19
2013,Jacob,Stanaway,jstanawaypc@1688.com,Male,68.32.212.228
2014,Barbey,Carlyon,bcarlyonpd@gov.uk,Female,201.236.19.215
2015,Christoph,Grabiec,cgrabiecpe@tripadvisor.com,Genderqueer,7.198.178.184
2016,Fields,O'Hagerty,fohagertypf@wikia.com,Male,207.110.214.246
2017,Antonius,Giraudy,agiraudypg@zdnet.com,Male,222.233.238.212
2018,Pieter,Vardy,pvardyph@cyberchimps.com,Male,184.5.223.124
2019,Kassia,Capstaff,kcapstaffpi@drupal.org,Female,137.254.79.199
2020,Niall,Nealon,nnealonpj@cafepress.com,Male,253.254.32.71
2021,Benjie,Sutterfield,bsutterfieldpk@harvard.edu,Male,101.241.48.57
2022,Reinhold,Pachta,rpachtapl@time.com,Male,135.206.26.247
2023,Glad,MacFadden,gmacfaddenpm@google.com,Female,156.196.21.160
2024,Bondie,Falconbridge,bfalconbridgepn@slate.com,Male,68.144.112.87
2025,Gilbert,Learmond,glearmondpo@europa.eu,Male,106.1.62.226
2026,Adolphus,Cornils,acornilspp@elpais.com,Male,0.102.32.140
2027,Sibel,Roscamps,sroscampspq@reverbnation.com,Bigender,177.189.245.37
2028,Mac,Macklin,mmacklinpr@amazon.de,Agender,15.51.140.144
2029,Arte,Giacubbo,agiacubbops@alibaba.com,Male,173.106.239.120
2030,Coralie,Bickardike,cbickardikept@bloglovin.com,Female,27.230.112.55
2031,Chrissie,Peeke,cpeekepu@sohu.com,Male,197.108.2.88
2032,Don,Le Barr,dlebarrpv@discuz.net,Male,53.148.201.32
2033,Reagan,Nuzzi,rnuzzipw@timesonline.co.uk,Male,238.104.77.155
2034,Dolph,Kelly,dkellypx@cargocollective.com,Non-binary,241.73.26.12
2035,Lissi,Vernall,lvernallpy@merriam-webster.com,Female,57.125.98.20
2036,Paulo,Carpenter,pcarpenterpz@nih.gov,Male,176.114.148.177
2037,Paddy,Kilcoyne,pkilcoyneq0@prnewswire.com,Male,201.105.206.58
2038,Ly,Boniface,lbonifaceq1@sciencedirect.com,Male,189.226.150.195
2039,Dominique,Antliff,dantliffq2@facebook.com,Male,225.72.94.189
2040,Tom,Bote,tboteq3@altervista.org,Male,16.95.37.147
2041,Dorthea,Room,droomq4@independent.co.uk,Female,57.216.18.47
2042,Katinka,Linley,klinleyq5@icq.com,Female,95.16.150.92
2043,Barret,Fruser,bfruserq6@webs.com,Male,204.137.102.7
2044,Essie,Shrimpton,eshrimptonq7@businessinsider.com,Female,124.101.108.82
2045,Major,Calderwood,mcalderwoodq8@com.com,Male,121.230.68.162
2046,Noak,Pilgram,npilgramq9@disqus.com,Agender,2.29.121.211
2047,Alexis,Copnar,acopnarqa@qq.com,Male,135.121.197.151
2048,Burton,Gayter,bgayterqb@dot.gov,Male,217.20.10.177
2049,Elisabet,Kolodziejski,ekolodziejskiqc@fda.gov,Female,255.161.88.150
2050,Emmerich,Potteril,epotterilqd@facebook.com,Male,161.42.89.34
2051,Clayton,Topham,ctophamqe@youtu.be,Male,32.20.132.208
2052,Lynnett,Huffy,lhuffyqf@simplemachines.org,Female,131.199.125.64
2053,Si,Ivanishev,sivanishevqg@unc.edu,Male,122.132.30.177
2054,Karola,Betancourt,kbetancourtqh@cnbc.com,Female,143.246.81.156
2055,Odette,Jentges,ojentgesqi@prweb.com,Female,161.101.225.245
2056,Rufe,Niven,rnivenqj@comsenz.com,Male,33.151.150.230
2057,Minor,Lummasana,mlummasanaqk@wikipedia.org,Male,99.179.249.216
2058,Boycie,Wernher,bwernherql@goodreads.com,Male,195.94.216.4
2059,Maighdiln,Sanchis,msanchisqm@yahoo.co.jp,Female,24.144.123.104
2060,Odell,Kinnon,okinnonqn@adobe.com,Male,124.251.21.127
2061,Idelle,Danielsson,idanielssonqo@xing.com,Female,26.60.38.226
2062,Trevar,Edgington,tedgingtonqp@usa.gov,Bigender,93.159.33.236
2063,Anjela,Murrock,amurrockqq@cbc.ca,Female,69.108.172.132
2064,Alfonso,Denisot,adenisotqr@creativecommons.org,Male,211.48.173.220
2065,Ber,Scotford,bscotfordqs@cnbc.com,Male,12.176.211.237
2066,Sim,Pichan,spichanqt@free.fr,Male,131.0.17.137
2067,Barby,Kleinstein,bkleinsteinqu@linkedin.com,Female,25.120.135.215
2068,Raye,Heavyside,rheavysideqv@mozilla.com,Genderqueer,162.27.238.22
2069,Shermie,Topes,stopesqw@constantcontact.com,Genderfluid,57.251.219.175
2070,Ogden,Blundon,oblundonqx@pbs.org,Male,36.204.35.153
2071,Jacqueline,Tolhurst,jtolhurstqy@hubpages.com,Female,234.83.237.45
2072,Sandy,McSparran,smcsparranqz@aboutads.info,Male,168.203.33.216
2073,Merrel,Guiver,mguiverr0@squidoo.com,Male,79.173.73.171
2074,Kacey,O'Conor,koconorr1@odnoklassniki.ru,Female,80.84.206.162
2075,Ameline,Betje,abetjer2@sogou.com,Non-binary,107.207.43.191
2076,Morris,Clail,mclailr3@ocn.ne.jp,Male,138.59.209.41
2077,Roman,Sucre,rsucrer4@purevolume.com,Male,168.52.27.9
2078,Gerek,Bellfield,gbellfieldr5@vkontakte.ru,Male,96.67.85.52
2079,Reeva,Farrants,rfarrantsr6@mayoclinic.com,Female,9.193.67.182
2080,Talyah,Pesselt,tpesseltr7@youtu.be,Female,135.73.152.246
2081,Franchot,Serris,fserrisr8@washingtonpost.com,Male,226.33.39.195
2082,Charlton,Lettington,clettingtonr9@cmu.edu,Male,62.65.115.208
2083,Gael,Shawcroft,gshawcroftra@sciencedirect.com,Male,49.245.80.58
2084,Sunshine,O'Mannion,somannionrb@youtu.be,Female,86.51.15.102
2085,Donavon,Mayes,dmayesrc@wunderground.com,Male,223.50.21.228
2086,Quent,Fobidge,qfobidgerd@photobucket.com,Male,214.191.107.47
2087,Paulita,Basler,pbaslerre@sogou.com,Female,179.211.130.94
2088,Flem,Gutherson,fguthersonrf@google.it,Male,187.50.242.141
2089,Edvard,Stather,estatherrg@google.com,Male,175.191.9.81
2090,Leelah,Hopkynson,lhopkynsonrh@thetimes.co.uk,Female,235.139.125.206
2091,Benedicto,Fery,bferyri@com.com,Male,251.5.35.46
2092,Martin,Brownlee,mbrownleerj@wordpress.com,Male,137.119.246.16
2093,Lynelle,Bartlosz,lbartloszrk@moonfruit.com,Agender,63.43.169.27
2094,Sarge,Huckett,shuckettrl@privacy.gov.au,Male,186.60.112.134
2095,Juditha,Brodie,jbrodierm@php.net,Genderqueer,224.248.155.118
2096,Genvieve,Hobell,ghobellrn@flickr.com,Female,90.206.95.204
2097,Jenni,Springford,jspringfordro@squidoo.com,Female,22.25.120.152
2098,Emelda,Gethin,egethinrp@multiply.com,Female,239.119.201.4
2099,Jolene,Stollberg,jstollbergrq@opensource.org,Female,22.190.107.71
2100,Russ,McDonagh,rmcdonaghrr@edublogs.org,Male,18.243.79.124
