id,first_name,last_name,email,gender,ip_address
1,Curry,Book,cbook0@toplist.cz,Male,212.158.161.3
2,Staci,Gammade,sgammade1@mit.edu,Genderfluid,212.30.22.49
3,Pandora,Derrell,pderrell2@fema.gov,Female,114.105.203.88
4,Galven,Clancy,gclancy3@uiuc.edu,Male,121.84.48.62
5,Boot,Dolan,bdolan4@yale.edu,Male,246.228.27.128
6,Penn,Drewe,pdrewe5@google.com.au,Male,114.13.105.11
7,Robinett,Coulthard,rcoulthard6@zimbio.com,Female,132.30.199.33
8,Merry,Moralas,mmoralas7@hp.com,Female,88.171.214.84
9,Nady,Bond,nbond8@hatena.ne.jp,Female,73.4.182.13
10,Lenee,Ivshin,livshin9@zimbio.com,Female,255.84.184.74
11,Kristian,Dootson,kdootsona@dropbox.com,Male,34.227.220.87
12,Angie,Kitson,akitsonb@skyrock.com,Male,38.83.240.43
13,Powell,Ledbetter,pledbetterc@sohu.com,Male,164.137.24.10
14,Ina,Parysiak,iparysiakd@shutterfly.com,Female,141.193.201.239
15,Agnesse,Siberry,asiberrye@mozilla.org,Female,19.190.25.59
16,Basilio,Dobeson,bdobesonf@salon.com,Male,48.149.208.8
17,Ben,Cutler,bcutlerg@csmonitor.com,Male,233.12.247.240
18,Alecia,Commings,acommingsh@usatoday.com,Female,163.179.81.51
19,Mal,Behne,mbehnei@utexas.edu,Male,231.8.4.94
20,Pammi,Keizman,pkeizmanj@time.com,Female,56.32.129.40
21,Gladi,Byk,gbykk@forbes.com,Female,235.118.171.106
22,Catherin,Fairfull,cfairfulll@etsy.com,Female,171.47.255.97
23,Adelaide,O'Neal,aonealm@squarespace.com,Female,101.79.173.62
24,Inglis,Ridout,iridoutn@lulu.com,Male,21.4.186.59
25,Lothaire,Bagwell,lbagwello@webs.com,Male,215.227.92.130
26,Dedra,Lambricht,dlambrichtp@umich.edu,Female,82.216.220.104
27,Janet,Melton,jmeltonq@posterous.com,Female,64.22.55.70
28,Angus,Midden,amiddenr@uiuc.edu,Male,77.240.241.15
29,Ranna,Arnison,rarnisons@blogger.com,Female,223.47.113.190
30,Roobbie,Salzburg,rsalzburgt@virginia.edu,Female,227.79.179.202
31,Jerrilee,Vivians,jviviansu@csmonitor.com,Female,102.192.193.91
32,Yorke,Southers,ysouthersv@prnewswire.com,Male,231.124.41.194
33,Erma,Zorzi,ezorziw@deliciousdays.com,Female,108.9.174.216
34,Sioux,Huggett,shuggettx@cisco.com,Female,75.100.118.203
35,Legra,Lockless,llocklessy@harvard.edu,Female,213.203.255.66
36,Trevor,Sandle,tsandlez@usatoday.com,Male,249.254.63.30
37,Pippo,Watson,pwatson10@google.es,Male,239.201.27.222
38,Celinda,Galletley,cgalletley11@tamu.edu,Non-binary,2.36.9.122
39,Simeon,Muspratt,smuspratt12@salon.com,Male,8.73.16.243
40,Orran,Lednor,olednor13@is.gd,Agender,204.104.33.41
41,Dael,Ewells,dewells14@bing.com,Male,21.250.31.95
42,Ethel,Gaylor,egaylor15@yelp.com,Female,152.178.202.128
43,Stacy,Offa,soffa16@ca.gov,Non-binary,236.89.129.16
44,Artemus,Pagan,apagan17@4shared.com,Male,197.37.118.218
45,Tam,Bonavia,tbonavia18@cmu.edu,Male,232.139.189.161
46,Quinn,Elcocks,qelcocks19@springer.com,Male,173.20.247.222
47,Tildy,Cowden,tcowden1a@constantcontact.com,Female,19.6.90.191
48,Ivan,Lindsay,ilindsay1b@simplemachines.org,Male,9.196.113.45
49,Cyrill,Turbill,cturbill1c@yandex.ru,Male,19.245.231.199
50,Benedetto,Deverall,bdeverall1d@illinois.edu,Male,239.151.141.36
51,Bobbie,Bellow,bbellow1e@merriam-webster.com,Male,57.147.153.64
52,Ashia,Lowrance,alowrance1f@example.com,Female,57.16.125.47
53,Alla,Gallard,agallard1g@zimbio.com,Female,226.236.215.247
54,Corri,Fulun,cfulun1h@weebly.com,Female,192.70.219.237
55,Hillary,Cheves,hcheves1i@php.net,Male,93.93.79.124
56,Rourke,Underhill,runderhill1j@pen.io,Male,98.51.43.216
57,Al,Bolter,abolter1k@de.vu,Male,86.163.246.94
58,Noach,Stapleton,nstapleton1l@fastcompany.com,Male,241.196.214.76
59,Indira,Hazael,ihazael1m@house.gov,Bigender,47.228.171.73
60,Ebeneser,Cockitt,ecockitt1n@ameblo.jp,Male,249.229.32.22
61,Stanford,Hallows,shallows1o@businessweek.com,Male,97.113.68.97
62,Amelia,Phythean,aphythean1p@time.com,Female,38.123.34.143
63,Ave,O'Hone,aohone1q@hatena.ne.jp,Male,2.231.92.93
64,Barry,Cressy,bcressy1r@who.int,Female,14.211.204.83
65,Thedric,Ghirigori,tghirigori1s@state.tx.us,Male,199.180.92.178
66,Bernardina,Lamplugh,blamplugh1t@people.com.cn,Female,45.63.89.93
67,Constanta,Elam,celam1u@shareasale.com,Female,231.165.112.180
68,Nicky,Farnaby,nfarnaby1v@blinklist.com,Male,182.170.126.182
69,Carolann,Kiddye,ckiddye1w@apple.com,Female,87.43.113.236
70,Moreen,Dumblton,mdumblton1x@dedecms.com,Female,113.140.57.235
71,Milt,Geharke,mgeharke1y@freewebs.com,Male,44.87.109.34
72,Grantham,Gordge,ggordge1z@exblog.jp,Male,142.131.4.75
73,Roxanne,Bromidge,rbromidge20@fc2.com,Female,156.107.173.183
74,Rodge,Faragher,rfaragher21@t-online.de,Polygender,171.174.92.90
75,Roddie,Lewerenz,rlewerenz22@wsj.com,Male,109.161.151.49
76,Kipp,O'Sheils,kosheils23@wiley.com,Female,78.235.155.81
77,Jefferey,Sandars,jsandars24@census.gov,Male,65.134.178.169
78,Patricia,Jacquemy,pjacquemy25@odnoklassniki.ru,Female,198.204.238.242
79,Rodina,Billingsley,rbillingsley26@csmonitor.com,Female,31.189.91.98
80,Gunter,Jacombs,gjacombs27@hexun.com,Male,177.206.232.255
81,Rogerio,Huncote,rhuncote28@umich.edu,Male,206.22.245.160
82,Katti,Lindblad,klindblad29@ebay.com,Agender,228.198.54.56
83,Gideon,Impey,gimpey2a@ft.com,Male,46.162.110.134
84,Cyrille,Pountain,cpountain2b@bbb.org,Male,233.205.68.57
85,Paxon,Guppy,pguppy2c@hud.gov,Male,224.230.47.55
86,Kele,Grigorio,kgrigorio2d@auda.org.au,Male,57.171.8.122
87,Jeff,Geard,jgeard2e@istockphoto.com,Male,154.146.78.224
88,Raynard,Gilbard,rgilbard2f@mapy.cz,Male,76.111.192.229
89,Packston,Jeffery,pjeffery2g@nymag.com,Male,26.253.15.63
90,Dee dee,Challace,dchallace2h@gizmodo.com,Female,17.131.13.137
91,Ellsworth,Grewer,egrewer2i@google.it,Male,22.4.63.193
92,Tome,Thredder,tthredder2j@sitemeter.com,Male,233.15.25.250
93,Felice,Peeter,fpeeter2k@e-recht24.de,Male,4.154.30.94
94,Ros,Alejandre,ralejandre2l@shareasale.com,Female,203.100.201.140
95,Andriana,Hammett,ahammett2m@jugem.jp,Bigender,39.5.176.197
96,Jae,Fice,jfice2n@artisteer.com,Male,12.81.73.71
97,Olag,Titchmarsh,otitchmarsh2o@wp.com,Male,241.122.95.61
98,Hanson,Treasure,htreasure2p@un.org,Male,167.166.46.100
99,Ardeen,Pearlman,apearlman2q@dyndns.org,Female,248.37.14.169
100,Far,Kapelhof,fkapelhof2r@zdnet.com,Male,43.228.28.121
